81.412,171.41,15,4,0
81.39,171.39,15,4,0
81.369,171.37,15,4,0
81.347,171.35,15,4,0
81.325,171.33,15,4,0
81.304,171.3,15,4,0
81.282,171.28,15,4,0
81.26,171.26,15,4,0
81.239,171.24,15,4,0
81.217,171.22,15,4,0
81.196,171.2,15,4,0
81.174,171.17,15,4,0
81.153,171.15,15,4,0
81.132,171.13,15,4,0
81.11,171.11,15,4,0
81.089,171.09,15,4,0
81.068,171.07,15,4,0
81.047,171.05,15,4,0
81.026,171.03,15,4,0
81.005,171,15,4,0
80.984,170.98,15,4,0
50.963,140.96,15,4,0
80.942,170.94,15,4,0
80.921,170.92,15,4,0
80.9,170.9,15,4,0
80.879,170.88,15,4,0
80.858,170.86,15,4,0
80.838,170.84,15,4,0
80.817,170.82,15,4,0
80.796,170.8,15,4,0
80.776,170.78,15,4,0
50.755,140.76,15,4,0
80.735,170.73,15,4,0
50.714,140.71,15,4,0
80.694,170.69,15,4,0
80.673,170.67,15,4,0
80.653,170.65,15,4,0
80.633,170.63,15,4,0
80.612,170.61,15,4,0
50.592,140.59,15,4,0
80.572,170.57,15,4,0
80.552,170.55,15,4,0
80.532,170.53,15,4,0
80.512,170.51,15,4,0
80.491,170.49,15,4,0
80.471,170.47,15,4,0
80.452,170.45,15,4,0
80.432,170.43,15,4,0
80.412,170.41,15,4,0
80.392,170.39,15,4,0
80.372,170.37,15,4,0
80.352,170.35,15,4,0
80.333,170.33,15,4,0
80.313,170.31,15,4,0
80.293,170.29,15,4,0
80.274,170.27,15,4,0
80.254,170.25,15,4,0
80.234,170.23,15,4,0
80.215,170.21,15,4,0
80.196,170.2,15,4,0
80.176,170.18,15,4,0
80.157,170.16,15,4,0
80.137,170.14,15,4,0
80.118,170.12,15,4,0
80.099,170.1,15,4,0
80.08,170.08,15,4,0
80.06,170.06,15,4,0
80.041,170.04,15,4,0
80.022,170.02,15,4,0
80.003,170,15,4,0
79.984,169.98,15,4,0
79.965,169.96,15,4,0
79.946,169.95,15,4,0
79.927,169.93,15,4,0
79.908,169.91,15,4,0
79.889,169.89,15,4,0
79.87,169.87,15,4,0
79.852,169.85,15,4,0
79.833,169.83,15,4,0
79.814,169.81,15,4,0
79.795,169.8,15,4,0
79.777,169.78,15,4,0
79.758,169.76,15,4,0
79.739,169.74,15,4,0
79.721,169.72,15,4,0
79.702,169.7,15,4,0
79.684,169.68,15,4,0
79.665,169.67,15,4,0
79.647,169.65,15,4,0
79.629,169.63,15,4,0
79.61,169.61,15,4,0
79.592,169.59,15,4,0
79.574,169.57,15,4,0
79.555,169.56,15,4,0
79.537,169.54,15,4,0
79.519,169.52,15,4,0
79.501,169.5,15,4,0
79.483,169.48,15,4,0
49.465,139.46,15,4,0
79.447,169.45,15,4,0
79.429,169.43,15,4,0
79.411,169.41,15,4,0
79.393,169.39,15,4,0
79.375,169.37,15,4,0
79.357,169.36,15,4,0
79.339,169.34,15,4,0
79.321,169.32,15,4,0
79.303,169.3,15,4,0
79.286,169.29,15,4,0
79.268,169.27,15,4,0
79.25,169.25,15,4,0
79.233,169.23,15,4,0
79.215,169.22,15,4,0
79.197,169.2,15,4,0
79.18,169.18,15,4,0
79.162,169.16,15,4,0
79.145,169.14,15,4,0
79.127,169.13,15,4,0
79.11,169.11,15,4,0
79.093,169.09,15,4,0
79.075,169.08,15,4,0
79.058,169.06,15,4,0
49.041,139.04,15,4,0
79.023,169.02,15,4,0
79.006,169.01,15,4,0
78.989,168.99,15,4,0
78.972,168.97,15,4,0
78.954,168.95,15,4,0
78.937,168.94,15,4,0
78.92,168.92,15,4,0
78.903,168.9,15,4,0
78.886,168.89,15,4,0
78.869,168.87,15,4,0
78.852,168.85,15,4,0
78.835,168.84,15,4,0
78.818,168.82,15,4,0
78.801,168.8,15,4,0
78.785,168.78,15,4,0
78.768,168.77,15,4,0
78.751,168.75,15,4,0
78.734,168.73,15,4,0
78.717,168.72,15,4,0
78.701,168.7,15,4,0
78.684,168.68,15,4,0
78.667,168.67,15,4,0
78.651,168.65,15,4,0
78.634,168.63,15,4,0
78.618,168.62,15,4,0
78.601,168.6,15,4,0
78.585,168.58,15,4,0
78.568,168.57,15,4,0
48.552,138.55,15,4,0
78.535,168.54,15,4,0
78.519,168.52,15,4,0
78.503,168.5,15,4,0
78.486,168.49,15,4,0
78.47,168.47,15,4,0
78.454,168.45,15,4,0
78.437,168.44,15,4,0
78.421,168.42,15,4,0
78.405,168.4,15,4,0
78.389,168.39,15,4,0
78.373,168.37,15,4,0
78.357,168.36,15,4,0
78.34,168.34,15,4,0
78.324,168.32,15,4,0
78.308,168.31,15,4,0
78.292,168.29,15,4,0
78.276,168.28,15,4,0
78.26,168.26,15,4,0
78.245,168.24,15,4,0
78.229,168.23,15,4,0
78.213,168.21,15,4,0
48.197,138.2,15,4,0
48.181,138.18,15,4,0
78.165,168.17,15,4,0
78.15,168.15,15,4,0
78.134,168.13,15,4,0
78.118,168.12,15,4,0
78.102,168.1,15,4,0
78.087,168.09,15,4,0
78.071,168.07,15,4,0
78.056,168.06,15,4,0
78.04,168.04,15,4,0
78.024,168.02,15,4,0
78.009,168.01,15,4,0
77.993,167.99,15,4,0
77.978,167.98,15,4,0
77.962,167.96,15,4,0
77.947,167.95,15,4,0
77.932,167.93,15,4,0
77.916,167.92,15,4,0
77.901,167.9,15,4,0
77.886,167.89,15,4,0
77.87,167.87,15,4,0
77.855,167.85,15,4,0
77.84,167.84,15,4,0
77.824,167.82,15,4,0
77.809,167.81,15,4,0
77.794,167.79,15,4,0
77.779,167.78,15,4,0
77.764,167.76,15,4,0
77.749,167.75,15,4,0
77.734,167.73,15,4,0
77.719,167.72,15,4,0
77.704,167.7,15,4,0
77.689,167.69,15,4,0
77.674,167.67,15,4,0
77.659,167.66,15,4,0
77.644,167.64,15,4,0
77.629,167.63,15,4,0
77.614,167.61,15,4,0
77.599,167.6,15,4,0
77.584,167.58,15,4,0
77.569,167.57,15,4,0
77.554,167.55,15,4,0
77.54,167.54,15,4,0
77.525,167.52,15,4,0
77.51,167.51,15,4,0
77.496,167.5,15,4,0
77.481,167.48,15,4,0
77.466,167.47,15,4,0
77.452,167.45,15,4,0
77.437,167.44,15,4,0
77.422,167.42,15,4,0
77.408,167.41,15,4,0
77.393,167.39,15,4,0
77.379,167.38,15,4,0
77.364,167.36,15,4,0
77.35,167.35,15,4,0
77.335,167.34,15,4,0
77.321,167.32,15,4,0
77.307,167.31,15,4,0
77.292,167.29,15,4,0
77.278,167.28,15,4,0
77.263,167.26,15,4,0
77.249,167.25,15,4,0
77.235,167.23,15,4,0
77.221,167.22,15,4,0
77.206,167.21,15,4,0
77.192,167.19,15,4,0
77.178,167.18,15,4,0
77.164,167.16,15,4,0
47.149,137.15,15,4,0
77.135,167.14,15,4,0
77.121,167.12,15,4,0
77.107,167.11,15,4,0
77.093,167.09,15,4,0
77.079,167.08,15,4,0
77.065,167.06,15,4,0
77.051,167.05,15,4,0
77.037,167.04,15,4,0
77.023,167.02,15,4,0
77.009,167.01,15,4,0
76.995,167,15,4,0
76.981,166.98,15,4,0
76.967,166.97,15,4,0
76.953,166.95,15,4,0
76.94,166.94,15,4,0
76.926,166.93,15,4,0
46.912,136.91,15,4,0
76.898,166.9,15,4,0
76.884,166.88,15,4,0
76.871,166.87,15,4,0
76.857,166.86,15,4,0
76.843,166.84,15,4,0
76.83,166.83,15,4,0
76.816,166.82,15,4,0
76.802,166.8,15,4,0
76.789,166.79,15,4,0
76.775,166.78,15,4,0
76.761,166.76,15,4,0
76.748,166.75,15,4,0
76.734,166.73,15,4,0
76.721,166.72,15,4,0
76.707,166.71,15,4,0
76.694,166.69,15,4,0
76.68,166.68,15,4,0
76.667,166.67,15,4,0
76.654,166.65,15,4,0
46.64,136.64,15,4,0
76.627,166.63,15,4,0
76.613,166.61,15,4,0
76.6,166.6,15,4,0
76.587,166.59,15,4,0
76.573,166.57,15,4,0
76.56,166.56,15,4,0
76.547,166.55,15,4,0
76.534,166.53,15,4,0
76.52,166.52,15,4,0
76.507,166.51,15,4,0
76.494,166.49,15,4,0
76.481,166.48,15,4,0
46.468,136.47,15,4,0
76.454,166.45,15,4,0
76.441,166.44,15,4,0
76.428,166.43,15,4,0
76.415,166.42,15,4,0
76.402,166.4,15,4,0
76.389,166.39,15,4,0
76.376,166.38,15,4,0
76.363,166.36,15,4,0
46.35,136.35,15,4,0
76.337,166.34,15,4,0
76.324,166.32,15,4,0
76.311,166.31,15,4,0
76.298,166.3,15,4,0
76.285,166.29,15,4,0
76.273,166.27,15,4,0
76.26,166.26,15,4,0
76.247,166.25,15,4,0
76.234,166.23,15,4,0
76.221,166.22,15,4,0
76.208,166.21,15,4,0
76.196,166.2,15,4,0
76.183,166.18,15,4,0
76.17,166.17,15,4,0
76.157,166.16,15,4,0
76.145,166.14,15,4,0
76.132,166.13,15,4,0
76.119,166.12,15,4,0
76.107,166.11,15,4,0
76.094,166.09,15,4,0
76.082,166.08,15,4,0
76.069,166.07,15,4,0
76.056,166.06,15,4,0
76.044,166.04,15,4,0
76.031,166.03,15,4,0
76.019,166.02,15,4,0
76.006,166.01,15,4,0
75.994,165.99,15,4,0
75.981,165.98,15,4,0
45.969,135.97,15,4,0
75.956,165.96,15,4,0
75.944,165.94,15,4,0
75.932,165.93,15,4,0
75.919,165.92,15,4,0
75.907,165.91,15,4,0
75.894,165.89,15,4,0
75.882,165.88,15,4,0
75.87,165.87,15,4,0
75.857,165.86,15,4,0
75.845,165.85,15,4,0
75.833,165.83,15,4,0
75.821,165.82,15,4,0
75.808,165.81,15,4,0
75.796,165.8,15,4,0
75.784,165.78,15,4,0
75.772,165.77,15,4,0
75.76,165.76,15,4,0
75.747,165.75,15,4,0
75.735,165.74,15,4,0
75.723,165.72,15,4,0
75.711,165.71,15,4,0
75.699,165.7,15,4,0
75.687,165.69,15,4,0
75.675,165.67,15,4,0
75.663,165.66,15,4,0
75.651,165.65,15,4,0
75.639,165.64,15,4,0
45.627,135.63,15,4,0
75.615,165.61,15,4,0
75.603,165.6,15,4,0
75.591,165.59,15,4,0
75.579,165.58,15,4,0
75.567,165.57,15,4,0
75.584,165.58,15,4,0
75.604,165.6,15,4,0
75.623,165.62,15,4,0
75.641,165.64,15,4,0
75.66,165.66,15,4,0
75.679,165.68,15,4,0
75.698,165.7,15,4,0
75.716,165.72,15,4,0
75.735,165.73,15,4,0
75.753,165.75,15,4,0
75.771,165.77,15,4,0
75.789,165.79,15,4,0
75.807,165.81,15,4,0
75.825,165.83,15,4,0
75.843,165.84,15,4,0
75.861,165.86,15,4,0
75.879,165.88,15,4,0
75.897,165.9,15,4,0
75.914,165.91,15,4,0
75.932,165.93,15,4,0
75.949,165.95,15,4,0
75.966,165.97,15,4,0
75.984,165.98,15,4,0
76.001,166,15,4,0
76.018,166.02,15,4,0
76.035,166.03,15,4,0
76.052,166.05,15,4,0
76.068,166.07,15,4,0
76.085,166.09,15,4,0
46.102,136.1,15,4,0
76.118,166.12,15,4,0
76.135,166.13,15,4,0
76.151,166.15,15,4,0
76.168,166.17,15,4,0
76.184,166.18,15,4,0
76.2,166.2,15,4,0
76.216,166.22,15,4,0
76.232,166.23,15,4,0
76.248,166.25,15,4,0
76.264,166.26,15,4,0
76.28,166.28,15,4,0
46.295,136.3,15,4,0
76.311,166.31,15,4,0
76.327,166.33,15,4,0
76.342,166.34,15,4,0
76.357,166.36,15,4,0
76.373,166.37,15,4,0
76.388,166.39,15,4,0
76.403,166.4,15,4,0
76.418,166.42,15,4,0
76.433,166.43,15,4,0
76.448,166.45,15,4,0
76.463,166.46,15,4,0
76.478,166.48,15,4,0
76.493,166.49,15,4,0
76.507,166.51,15,4,0
76.522,166.52,15,4,0
76.537,166.54,15,4,0
76.551,166.55,15,4,0
76.566,166.57,15,4,0
76.58,166.58,15,4,0
76.594,166.59,15,4,0
76.608,166.61,15,4,0
76.622,166.62,15,4,0
76.636,166.64,15,4,0
76.65,166.65,15,4,0
76.664,166.66,15,4,0
76.678,166.68,15,4,0
76.692,166.69,15,4,0
76.706,166.71,15,4,0
76.719,166.72,15,4,0
76.733,166.73,15,4,0
76.747,166.75,15,4,0
76.76,166.76,15,4,0
76.773,166.77,15,4,0
76.787,166.79,15,4,0
76.8,166.8,15,4,0
76.813,166.81,15,4,0
76.826,166.83,15,4,0
76.84,166.84,15,4,0
76.853,166.85,15,4,0
46.866,136.87,15,4,0
76.878,166.88,15,4,0
76.891,166.89,15,4,0
76.904,166.9,15,4,0
46.917,136.92,15,4,0
76.929,166.93,15,4,0
76.942,166.94,15,4,0
76.955,166.95,15,4,0
76.967,166.97,15,4,0
76.979,166.98,15,4,0
76.992,166.99,15,4,0
77.004,167,15,4,0
47.016,137.02,15,4,0
77.028,167.03,15,4,0
77.041,167.04,15,4,0
77.053,167.05,15,4,0
77.065,167.06,15,4,0
77.077,167.08,15,4,0
77.089,167.09,15,4,0
77.1,167.1,15,4,0
77.112,167.11,15,4,0
77.124,167.12,15,4,0
77.136,167.14,15,4,0
77.147,167.15,15,4,0
77.159,167.16,15,4,0
77.17,167.17,15,4,0
77.182,167.18,15,4,0
77.193,167.19,15,4,0
77.204,167.2,15,4,0
77.216,167.22,15,4,0
77.227,167.23,15,4,0
77.238,167.24,15,4,0
77.249,167.25,15,4,0
77.26,167.26,15,4,0
77.271,167.27,15,4,0
77.282,167.28,15,4,0
77.293,167.29,15,4,0
77.304,167.3,15,4,0
77.315,167.31,15,4,0
77.326,167.33,15,4,0
77.336,167.34,15,4,0
77.347,167.35,15,4,0
77.358,167.36,15,4,0
77.368,167.37,15,4,0
77.379,167.38,15,4,0
77.389,167.39,15,4,0
77.4,167.4,15,4,0
77.41,167.41,15,4,0
77.42,167.42,15,4,0
77.43,167.43,15,4,0
77.441,167.44,15,4,0
77.451,167.45,15,4,0
77.461,167.46,15,4,0
77.471,167.47,15,4,0
77.481,167.48,15,4,0
77.491,167.49,15,4,0
77.501,167.5,15,4,0
77.511,167.51,15,4,0
77.521,167.52,15,4,0
77.53,167.53,15,4,0
77.54,167.54,15,4,0
77.55,167.55,15,4,0
77.56,167.56,15,4,0
77.569,167.57,15,4,0
77.579,167.58,15,4,0
77.588,167.59,15,4,0
77.598,167.6,15,4,0
77.607,167.61,15,4,0
77.616,167.62,15,4,0
77.626,167.63,15,4,0
77.635,167.64,15,4,0
77.644,167.64,15,4,0
77.653,167.65,15,4,0
77.663,167.66,15,4,0
77.672,167.67,15,4,0
77.681,167.68,15,4,0
77.69,167.69,15,4,0
77.699,167.7,15,4,0
77.708,167.71,15,4,0
77.717,167.72,15,4,0
77.725,167.73,15,4,0
77.734,167.73,15,4,0
77.743,167.74,15,4,0
77.752,167.75,15,4,0
77.76,167.76,15,4,0
77.769,167.77,15,4,0
77.778,167.78,15,4,0
77.786,167.79,15,4,0
77.795,167.79,15,4,0
77.803,167.8,15,4,0
77.812,167.81,15,4,0
77.82,167.82,15,4,0
77.828,167.83,15,4,0
77.837,167.84,15,4,0
77.845,167.84,15,4,0
77.853,167.85,15,4,0
77.861,167.86,15,4,0
47.87,137.87,15,4,0
77.878,167.88,15,4,0
77.886,167.89,15,4,0
77.894,167.89,15,4,0
77.902,167.9,15,4,0
77.91,167.91,15,4,0
77.918,167.92,15,4,0
77.926,167.93,15,4,0
77.933,167.93,15,4,0
77.941,167.94,15,4,0
77.949,167.95,15,4,0
47.957,137.96,15,4,0
77.964,167.96,15,4,0
77.972,167.97,15,4,0
77.98,167.98,15,4,0
77.987,167.99,15,4,0
77.995,167.99,15,4,0
78.002,168,15,4,0
78.01,168.01,15,4,0
78.017,168.02,15,4,0
78.025,168.02,15,4,0
78.032,168.03,15,4,0
78.039,168.04,15,4,0
78.047,168.05,15,4,0
78.054,168.05,15,4,0
78.061,168.06,15,4,0
78.068,168.07,15,4,0
78.075,168.08,15,4,0
78.083,168.08,15,4,0
78.09,168.09,15,4,0
78.097,168.1,15,4,0
78.104,168.1,15,4,0
78.111,168.11,15,4,0
78.118,168.12,15,4,0
78.125,168.12,15,4,0
78.131,168.13,15,4,0
78.138,168.14,15,4,0
78.145,168.15,15,4,0
78.152,168.15,15,4,0
78.159,168.16,15,4,0
78.165,168.17,15,4,0
78.172,168.17,15,4,0
78.179,168.18,15,4,0
78.185,168.19,15,4,0
78.192,168.19,15,4,0
78.198,168.2,15,4,0
78.205,168.2,15,4,0
78.211,168.21,15,4,0
78.218,168.22,15,4,0
78.224,168.22,15,4,0
78.231,168.23,15,4,0
78.237,168.24,15,4,0
78.243,168.24,15,4,0
78.25,168.25,15,4,0
78.256,168.26,15,4,0
78.262,168.26,15,4,0
78.268,168.27,15,4,0
78.275,168.27,15,4,0
78.281,168.28,15,4,0
78.287,168.29,15,4,0
78.293,168.29,15,4,0
78.299,168.3,15,4,0
78.305,168.31,15,4,0
78.311,168.31,15,4,0
48.317,138.32,15,4,0
78.323,168.32,15,4,0
78.329,168.33,15,4,0
78.335,168.33,15,4,0
78.341,168.34,15,4,0
78.346,168.35,15,4,0
78.352,168.35,15,4,0
78.358,168.36,15,4,0
78.364,168.36,15,4,0
78.369,168.37,15,4,0
78.375,168.38,15,4,0
78.381,168.38,15,4,0
78.386,168.39,15,4,0
78.392,168.39,15,4,0
78.398,168.4,15,4,0
78.403,168.4,15,4,0
78.409,168.41,15,4,0
78.414,168.41,15,4,0
78.419,168.42,15,4,0
78.425,168.42,15,4,0
78.43,168.43,15,4,0
78.436,168.44,15,4,0
78.441,168.44,15,4,0
78.446,168.45,15,4,0
78.452,168.45,15,4,0
78.457,168.46,15,4,0
48.462,138.46,15,4,0
78.467,168.47,15,4,0
78.473,168.47,15,4,0
78.478,168.48,15,4,0
78.483,168.48,15,4,0
78.488,168.49,15,4,0
78.493,168.49,15,4,0
78.498,168.5,15,4,0
48.503,138.5,15,4,0
78.508,168.51,15,4,0
78.513,168.51,15,4,0
48.518,138.52,15,4,0
78.523,168.52,15,4,0
78.528,168.53,15,4,0
78.533,168.53,15,4,0
78.538,168.54,15,4,0
78.542,168.54,15,4,0
78.547,168.55,15,4,0
48.552,138.55,15,4,0
78.557,168.56,15,4,0
78.561,168.56,15,4,0
78.566,168.57,15,4,0
78.571,168.57,15,4,0
78.575,168.58,15,4,0
78.58,168.58,15,4,0
78.585,168.58,15,4,0
78.589,168.59,15,4,0
78.594,168.59,15,4,0
78.598,168.6,15,4,0
78.603,168.6,15,4,0
78.607,168.61,15,4,0
78.612,168.61,15,4,0
78.616,168.62,15,4,0
78.621,168.62,15,4,0
78.625,168.63,15,4,0
78.629,168.63,15,4,0
78.634,168.63,15,4,0
78.638,168.64,15,4,0
78.642,168.64,15,4,0
78.647,168.65,15,4,0
78.651,168.65,15,4,0
78.655,168.66,15,4,0
78.659,168.66,15,4,0
78.664,168.66,15,4,0
78.668,168.67,15,4,0
78.672,168.67,15,4,0
78.676,168.68,15,4,0
78.68,168.68,15,4,0
78.684,168.68,15,4,0
78.688,168.69,15,4,0
78.692,168.69,15,4,0
78.696,168.7,15,4,0
78.7,168.7,15,4,0
78.704,168.7,15,4,0
78.708,168.71,15,4,0
78.712,168.71,15,4,0
78.716,168.72,15,4,0
48.72,138.72,15,4,0
78.724,168.72,15,4,0
78.728,168.73,15,4,0
78.731,168.73,15,4,0
78.735,168.74,15,4,0
78.739,168.74,15,4,0
78.743,168.74,15,4,0
48.747,138.75,15,4,0
78.75,168.75,15,4,0
78.754,168.75,15,4,0
78.758,168.76,15,4,0
78.761,168.76,15,4,0
78.765,168.76,15,4,0
78.769,168.77,15,4,0
78.772,168.77,15,4,0
78.776,168.78,15,4,0
78.779,168.78,15,4,0
78.783,168.78,15,4,0
78.786,168.79,15,4,0
78.79,168.79,15,4,0
78.793,168.79,15,4,0
78.797,168.8,15,4,0
78.8,168.8,15,4,0
78.804,168.8,15,4,0
78.807,168.81,15,4,0
78.81,168.81,15,4,0
78.814,168.81,15,4,0
78.817,168.82,15,4,0
78.821,168.82,15,4,0
78.824,168.82,15,4,0
78.827,168.83,15,4,0
78.83,168.83,15,4,0
78.834,168.83,15,4,0
78.837,168.84,15,4,0
78.84,168.84,15,4,0
78.843,168.84,15,4,0
78.846,168.85,15,4,0
78.85,168.85,15,4,0
78.853,168.85,15,4,0
78.856,168.86,15,4,0
78.859,168.86,15,4,0
78.862,168.86,15,4,0
78.865,168.87,15,4,0
78.868,168.87,15,4,0
78.871,168.87,15,4,0
78.874,168.87,15,4,0
78.877,168.88,15,4,0
78.88,168.88,15,4,0
78.883,168.88,15,4,0
78.886,168.89,15,4,0
78.889,168.89,15,4,0
78.892,168.89,15,4,0
78.895,168.89,15,4,0
78.898,168.9,15,4,0
48.901,138.9,15,4,0
78.903,168.9,15,4,0
78.906,168.91,15,4,0
78.909,168.91,15,4,0
78.912,168.91,15,4,0
78.915,168.91,15,4,0
78.917,168.92,15,4,0
78.92,168.92,15,4,0
78.923,168.92,15,4,0
78.926,168.93,15,4,0
78.928,168.93,15,4,0
78.931,168.93,15,4,0
48.934,138.93,15,4,0
78.936,168.94,15,4,0
78.939,168.94,15,4,0
78.942,168.94,15,4,0
78.944,168.94,15,4,0
78.947,168.95,15,4,0
78.949,168.95,15,4,0
78.952,168.95,15,4,0
78.954,168.95,15,4,0
78.957,168.96,15,4,0
78.959,168.96,15,4,0
78.962,168.96,15,4,0
78.964,168.96,15,4,0
78.967,168.97,15,4,0
48.969,138.97,15,4,0
48.972,138.97,15,4,0
78.974,168.97,15,4,0
78.976,168.98,15,4,0
78.979,168.98,15,4,0
78.981,168.98,15,4,0
78.984,168.98,15,4,0
78.986,168.99,15,4,0
78.988,168.99,15,4,0
78.99,168.99,15,4,0
78.993,168.99,15,4,0
78.995,169,15,4,0
78.997,169,15,4,0
79,169,15,4,0
79.002,169,15,4,0
79.004,169,15,4,0
79.006,169.01,15,4,0
79.008,169.01,15,4,0
79.011,169.01,15,4,0
79.013,169.01,15,4,0
79.015,169.01,15,4,0
79.017,169.02,15,4,0
79.019,169.02,15,4,0
79.021,169.02,15,4,0
79.023,169.02,15,4,0
79.025,169.03,15,4,0
79.027,169.03,15,4,0
79.029,169.03,15,4,0
79.031,169.03,15,4,0
79.033,169.03,15,4,0
79.035,169.04,15,4,0
79.037,169.04,15,4,0
79.039,169.04,15,4,0
79.041,169.04,15,4,0
79.043,169.04,15,4,0
79.045,169.05,15,4,0
79.047,169.05,15,4,0
79.049,169.05,15,4,0
79.051,169.05,15,4,0
79.053,169.05,15,4,0
79.055,169.05,15,4,0
79.057,169.06,15,4,0
79.058,169.06,15,4,0
79.06,169.06,15,4,0
79.062,169.06,15,4,0
79.064,169.06,15,4,0
79.066,169.07,15,4,0
79.067,169.07,15,4,0
79.069,169.07,15,4,0
79.071,169.07,15,4,0
79.073,169.07,15,4,0
79.074,169.07,15,4,0
79.076,169.08,15,4,0
79.078,169.08,15,4,0
79.079,169.08,15,4,0
79.081,169.08,15,4,0
79.083,169.08,15,4,0
79.084,169.08,15,4,0
79.086,169.09,15,4,0
79.088,169.09,15,4,0
79.089,169.09,15,4,0
79.091,169.09,15,4,0
79.092,169.09,15,4,0
79.094,169.09,15,4,0
79.096,169.1,15,4,0
79.097,169.1,15,4,0
79.099,169.1,15,4,0
79.1,169.1,15,4,0
79.102,169.1,15,4,0
79.103,169.1,15,4,0
79.105,169.1,15,4,0
79.106,169.11,15,4,0
79.108,169.11,15,4,0
79.109,169.11,15,4,0
79.111,169.11,15,4,0
79.112,169.11,15,4,0
79.113,169.11,15,4,0
79.115,169.11,15,4,0
79.116,169.12,15,4,0
79.118,169.12,15,4,0
79.119,169.12,15,4,0
79.12,169.12,15,4,0
79.122,169.12,15,4,0
79.123,169.12,15,4,0
79.124,169.12,15,4,0
79.126,169.13,15,4,0
79.127,169.13,15,4,0
79.128,169.13,15,4,0
49.13,139.13,15,4,0
79.131,169.13,15,4,0
79.132,169.13,15,4,0
79.133,169.13,15,4,0
79.135,169.13,15,4,0
79.136,169.14,15,4,0
79.137,169.14,15,4,0
79.138,169.14,15,4,0
79.139,169.14,15,4,0
79.141,169.14,15,4,0
79.142,169.14,15,4,0
79.143,169.14,15,4,0
49.144,139.14,15,4,0
79.145,169.15,15,4,0
79.146,169.15,15,4,0
79.147,169.15,15,4,0
79.149,169.15,15,4,0
79.15,169.15,15,4,0
79.151,169.15,15,4,0
79.152,169.15,15,4,0
79.153,169.15,15,4,0
79.154,169.15,15,4,0
79.155,169.15,15,4,0
79.156,169.16,15,4,0
79.157,169.16,15,4,0
79.158,169.16,15,4,0
79.159,169.16,15,4,0
79.16,169.16,15,4,0
79.161,169.16,15,4,0
79.162,169.16,15,4,0
79.163,169.16,15,4,0
79.164,169.16,15,4,0
79.165,169.16,15,4,0
79.166,169.17,15,4,0
79.167,169.17,15,4,0
79.168,169.17,15,4,0
79.168,169.17,15,4,0
79.169,169.17,15,4,0
79.17,169.17,15,4,0
79.171,169.17,15,4,0
79.172,169.17,15,4,0
79.173,169.17,15,4,0
79.174,169.17,15,4,0
79.175,169.17,15,4,0
79.175,169.18,15,4,0
79.176,169.18,15,4,0
79.177,169.18,15,4,0
79.178,169.18,15,4,0
79.179,169.18,15,4,0
79.179,169.18,15,4,0
79.18,169.18,15,4,0
79.181,169.18,15,4,0
79.182,169.18,15,4,0
79.182,169.18,15,4,0
79.183,169.18,15,4,0
79.184,169.18,15,4,0
79.185,169.18,15,4,0
79.185,169.19,15,4,0
79.186,169.19,15,4,0
79.187,169.19,15,4,0
79.187,169.19,15,4,0
79.188,169.19,15,4,0
79.189,169.19,15,4,0
79.189,169.19,15,4,0
79.19,169.19,15,4,0
79.191,169.19,15,4,0
79.191,169.19,15,4,0
79.192,169.19,15,4,0
79.192,169.19,15,4,0
79.193,169.19,15,4,0
79.194,169.19,15,4,0
79.194,169.19,15,4,0
49.195,139.19,15,4,0
79.195,169.2,15,4,0
79.196,169.2,15,4,0
79.196,169.2,15,4,0
79.197,169.2,15,4,0
79.197,169.2,15,4,0
79.198,169.2,15,4,0
79.198,169.2,15,4,0
79.199,169.2,15,4,0
79.199,169.2,15,4,0
79.2,169.2,15,4,0
79.2,169.2,15,4,0
79.201,169.2,15,4,0
79.201,169.2,15,4,0
79.202,169.2,15,4,0
79.202,169.2,15,4,0
79.203,169.2,15,4,0
79.203,169.2,15,4,0
79.204,169.2,15,4,0
79.204,169.2,15,4,0
79.204,169.2,15,4,0
79.205,169.2,15,4,0
79.205,169.21,15,4,0
79.206,169.21,15,4,0
79.206,169.21,15,4,0
79.206,169.21,15,4,0
79.207,169.21,15,4,0
79.207,169.21,15,4,0
49.207,139.21,15,4,0
79.208,169.21,15,4,0
79.208,169.21,15,4,0
79.208,169.21,15,4,0
79.209,169.21,15,4,0
79.209,169.21,15,4,0
79.209,169.21,15,4,0
79.209,169.21,15,4,0
79.21,169.21,15,4,0
79.21,169.21,15,4,0
79.21,169.21,15,4,0
49.211,139.21,15,4,0
79.211,169.21,15,4,0
79.211,169.21,15,4,0
79.211,169.21,15,4,0
79.211,169.21,15,4,0
79.212,169.21,15,4,0
79.212,169.21,15,4,0
79.212,169.21,15,4,0
79.212,169.21,15,4,0
79.213,169.21,15,4,0
79.213,169.21,15,4,0
79.213,169.21,15,4,0
79.213,169.21,15,4,0
79.213,169.21,15,4,0
79.213,169.21,15,4,0
79.213,169.21,15,4,0
79.214,169.21,15,4,0
79.214,169.21,15,4,0
79.214,169.21,15,4,0
79.214,169.21,15,4,0
79.214,169.21,15,4,0
79.214,169.21,15,4,0
79.214,169.21,15,4,0
79.214,169.21,15,4,0
79.214,169.21,15,4,0
79.215,169.21,15,4,0
79.215,169.21,15,4,0
79.215,169.21,15,4,0
79.215,169.21,15,4,0
