time,ue_x,ue_y,serving_beam,snr_vals,blockage_state,is_failure,snr_trend,future_failure
0,10,50,3,0,0,0,0,0
0.1,11,50,3,84.4303969776409,0,0,844.303969776409,0
0.2,12,50,3,84.3924526789709,0,0,-0.379442986699985,0
0.3,13,50,3,84.3515814492318,0,0,-0.408712297390537,0
0.4,14,50,3,84.3078683084741,0,0,-0.437131407577454,0
0.5,15,50,3,84.2614021209803,0,0,-0.464661874937917,0
0.6,16,50,3,84.212275054751,0,0,-0.491270662292607,0
0.7,17,50,3,84.1605820444464,0,0,-0.51693010304632,0
0.8,18,50,3,84.1064202633092,0,0,-0.54161781137168,0
0.9,19,50,3,84.0498886090543,0,0,-0.565316542549681,0
1,20,50,3,83.9910872081174,0,0,-0.588014009369147,0
1.1,21,50,3,83.9301169420362,0,0,-0.609702660811422,0
1.2,22,50,3,83.8670789991006,0,0,-0.630379429356083,0
1.3,23,50,3,83.8020744537783,0,0,-0.650045453222674,0
1.4,24,50,3,83.735203875813,0,0,-0.668705779653465,0
1.5,25,50,3,83.666566970306,0,0,-0.686369055070202,0
1.6,26,50,3,83.5962622495563,0,0,-0.703047207496468,0
1.7,27,50,3,83.5243867369353,0,0,-0.71875512621034,0
1.8,28,50,3,83.4510357026329,0,0,-0.733510343024193,0
1.9,29,50,3,83.3763024307256,0,0,-0.747332719072631,0
2,30,50,3,83.3002780166844,0,0,-0.760244140412567,0
2.1,31,50,3,83.2230511941656,0,0,-0.772268225187247,0
2.2,32,50,3,83.1447081897068,0,0,-0.783430044588158,0
2.3,33,50,3,83.0653326037745,0,0,-0.793755859322971,0
2.4,34,50,3,82.985005316489,0,0,-0.803272872855416,0
2.5,35,50,3,82.9038044162638,0,0,-0.812009002251841,0
2.6,36,50,3,82.8218051495544,0,0,-0.819992667094311,0
2.7,37,50,3,82.7390798898945,0,0,-0.827252596598953,0
2.8,38,50,3,82.6556981244152,0,0,-0.833817654792881,0
2.9,39,50,3,82.5717264560778,0,0,-0.839716683373695,0
3,40,50,3,82.4872286199096,0,0,-0.844978361682536,0
3.1,41,50,3,82.4022655116028,0,0,-0.849631083067948,0
3.2,42,50,3,82.3168952269218,0,0,-0.853702846810052,0
3.3,43,50,3,82.2311731104536,0,0,-0.857221164681903,1
3.4,44,50,3,82.1451518123357,0,0,-0.860212981178847,1
3.5,45,50,3,82.0588813516947,0,0,-0.86270460640975,1
3.6,46,50,3,81.9724091856302,0,0,-0.864721660645387,1
3.7,47,50,3,81.8857802826797,0,0,-0.866289029504799,1
3.8,48,50,3,81.7990371997982,0,0,-0.867430828814406,1
3.9,49,50,3,81.7122201619806,0,0,-0.868170378176387,1
4,50,50,3,81.6253671437467,0,0,-0.868530182338816,1
4.1,51,50,3,81.538513951795,0,0,-0.868531919516897,1
4.2,52,50,3,81.4516943082114,0,0,-0.868196435836239,1
4.3,53,50,3,81.3649399336954,0,0,-0.867543745160617,1
4.4,54,50,3,81.278280630336,0,0,-0.866593033593119,1
4.5,55,50,3,81.1917443635354,0,0,-0.865362668006071,1
4.6,56,50,3,81.1053573427337,0,0,-0.86387020801709,1
4.7,57,50,3,81.0191441006472,0,0,-0.862132420865578,1
4.8,58,50,3,80.9331275707762,0,0,-0.860165298709603,1
4.9,59,50,3,80.8473291629858,0,0,-0.85798407790378,1
5,60,50,3,80.7617688369992,0,0,-0.855603259865916,1
5.1,61,50,3,80.6764651736802,0,0,-0.853036633190243,1
5.2,62,50,3,80.5914354440114,0,0,-0.850297296687756,1
5.3,63,50,3,40.506695675702,1,1,-400.847397683094,1
5.4,64,50,3,40.4222607173821,1,1,-0.844349583199175,1
5.5,65,50,3,40.3381443003624,1,1,-0.841164170196578,1
5.6,66,50,3,40.2543590979555,1,1,-0.837852024069434,1
5.7,67,50,3,40.1709167823687,1,1,-0.834423155868365,1
5.8,68,50,3,40.0878280791948,1,1,-0.830887031738143,1
5.9,69,50,3,40.005102819535,1,1,-0.827252596598953,1
6,70,50,3,39.9227499897972,1,1,-0.823528297378004,1
6.1,71,50,3,39.8407777792247,1,1,-0.819722105724452,1
6.2,72,50,3,39.7591936252103,1,1,-0.815841540143651,1
6.3,73,50,3,39.6780042564598,1,1,-0.811893687505574,1
6.4,74,50,3,39.5972157340709,1,1,-0.807885223888718,1
6.5,75,50,3,39.5168334905978,1,1,-0.803822434731103,1
6.6,76,50,3,39.43686236717,1,1,-0.799711234278391,1
6.7,77,50,3,39.3573066487394,1,1,-0.795557184305267,1
6.8,78,50,3,39.278170097528,1,1,-0.791365512114623,1
6.9,79,50,3,39.1994559847462,1,1,-0.787141127817677,1
7,80,50,3,39.1211671206578,1,1,-0.78288864088421,1
7.1,81,50,3,39.0433058830585,1,1,-0.778612375993362,1
7.2,82,50,3,38.9658742442405,1,1,-0.774316388179557,1
7.3,83,50,3,38.8888737965107,1,1,-0.770004477298301,1
7.4,84,50,3,38.8123057763285,1,1,-0.76568020182151,1
7.5,85,50,3,38.7361710871295,1,1,-0.761346891990513,1
7.6,86,50,3,38.6604703208963,1,1,-0.75700766233183,1
7.7,87,50,3,38.5852037785391,1,1,-0.752665423572125,1
7.8,88,50,3,38.510371489143,1,1,-0.748322893960847,1
7.9,89,50,3,38.43597322814,1,1,-0.743982610029548,1
8,90,50,3,38.3620085344592,1,1,-0.739646936808072,1
8.1,91,50,3,38.2884767267077,1,1,-0.735318077515501,1
8.2,92,50,3,38.2153769184323,1,1,-0.730998082753729,1
8.3,93,50,3,38.1427080325101,1,1,-0.726688859221838,1
8.4,94,50,3,38.0704688147129,1,1,-0.722392177972324,1
8.5,95,50,3,37.9986578464901,1,1,-0.718109682228203,1
8.6,96,50,3,37.9272735570113,1,1,-0.713842894787717,1
8.7,97,50,3,37.8563142345086,1,1,-0.709593225026879,1
8.8,98,50,3,37.7857780369556,1,1,-0.705361975529968,1
8.9,99,50,3,37.7156630021206,1,1,-0.701150348350268,1
9,100,50,3,37.6459670570264,1,1,-0.696959450942245,1
9.1,101,50,3,37.5766880268508,1,1,-0.692790301755224,1
9.2,102,50,3,37.5078236432979,1,1,-0.688643835529774,1
9.3,103,50,3,37.4393715524686,1,1,-0.684520908292257,1
9.4,104,50,3,37.3713293222606,1,1,-0.680422302079933,1
9.5,105,50,3,37.3036944493209,1,1,-0.676348729397773,1
9.6,106,50,3,37.2364643655783,1,1,-0.672300837425439,1
9.7,107,50,3,37.169636444379,1,1,-0.66827921199291,1
9.8,108,50,3,37.1032080062462,1,1,-0.664284381328457,1
9.9,109,50,3,37.0371763242864,1,1,-0.66031681959771,1
10,110,50,3,36.9715386292625,1,1,-0.656376950238666,1
10.1,111,50,3,36.9062921143511,1,1,-0.652465149114221,1
10.2,112,50,3,36.8414339396033,1,1,-0.648581747478261,1
10.3,113,50,3,36.7769612361256,1,1,-0.644727034777191,1
10.4,114,50,3,36.7128711099964,1,1,-0.640901261292015,1
10.5,115,50,3,36.6491606459338,1,1,-0.637104640625239,1
10.6,116,50,3,36.5858269107289,1,1,-0.633337352049637,1
10.7,117,50,3,36.522866956457,1,1,-0.629599542718893,1
10.8,118,50,3,36.4602778234816,1,1,-0.625891329754324,1
10.9,119,50,3,36.398056543261,1,1,-0.622212802205979,1
11,120,50,3,36.3362001409702,1,1,-0.618564022908004,1
11.1,121,50,3,36.2747056379484,1,1,-0.6149450302172,0
11.2,122,50,3,76.2135700539822,0,0,399.388644160338,0
11.3,123,50,3,76.1527904094338,0,0,-0.60779644548461,0
11.4,124,50,3,76.0923637272237,0,0,-0.604266822100783,0
11.5,125,50,3,76.0322870346766,0,0,-0.600766925471135,0
11.6,126,50,3,75.9725573652372,0,0,-0.597296694393776,0
11.7,127,50,3,75.9131717600651,0,0,-0.593856051721104,0
11.8,128,50,3,75.8541272695147,0,0,-0.590444905503489,0
11.9,129,50,3,75.7954209545079,0,0,-0.587063150068445,0
12,130,50,3,75.7370498878047,0,0,-0.583710667032449,0
12.1,131,50,3,75.6790111551787,0,0,-0.580387326259313,0
12.2,132,50,3,75.6213018565035,0,0,-0.577092986752632,0
12.3,133,50,3,75.563919106753,0,0,-0.573827497505022,0
12.4,134,50,3,75.5068600369241,0,0,-0.570590698288242,0
12.5,135,50,3,75.4501217948838,0,0,-0.567382420403248,0
12.6,136,50,3,75.3937015461459,0,0,-0.564202487379077,0
12.7,137,50,3,75.3375964745824,0,0,-0.561050715635361,0
12.8,138,50,3,75.2818037830724,0,0,-0.557926915099927,0
12.9,139,50,3,75.2263206940931,0,0,-0.554830889792868,0
13,140,50,3,75.1711444502558,0,0,-0.551762438372805,0
13.1,141,50,3,75.1162723147906,0,0,-0.548721354651605,0
13.2,142,50,3,75.0617015719831,0,0,-0.545707428075275,0
13.3,143,50,3,75.0074295275654,0,0,-0.542720444177576,0
13.4,144,50,3,74.953453509065,0,0,-0.539760185003502,0
13.5,145,50,3,74.899770866114,0,0,-0.536826429510597,0
13.6,146,50,3,74.8463789707203,0,0,-0.533918953937018,0
13.7,147,50,3,74.7932752175044,0,0,-0.531037532158791,0
13.8,148,50,3,74.7404570239034,0,0,-0.52818193600956,0
13.9,149,50,3,74.687921830344,0,0,-0.525351935594642,0
14,150,50,3,74.6356671003865,0,0,-0.522547299574114,0
14.1,151,50,3,74.5836903208431,0,0,-0.519767795434234,0
14.2,152,50,3,74.5319890018694,0,0,-0.51701318973727,0
14.3,153,50,3,74.4805606770337,0,0,-0.514283248357117,0
14.4,154,50,3,74.4294029033637,0,0,-0.511577736699564,0
14.5,155,50,3,74.3785132613731,0,0,-0.508896419905795,0
14.6,156,50,3,74.3278893550686,0,0,-0.506239063045371,0
14.7,157,50,3,74.2775288119394,0,0,-0.503605431292442,0
14.8,158,50,3,74.22742928293,0,0,-0.500995290094011,0
14.9,159,50,3,74.1775884423978,0,0,-0.498408405321129,0
15,160,50,3,74.1280039880561,0,0,-0.495844543417263,0
15.1,161,50,3,74.0786736409034,0,0,-0.493303471527327,0
15.2,162,50,3,74.029595145141,0,0,-0.490784957623873,0
15.3,163,50,3,73.9807662680789,0,0,-0.488288770621068,0
15.4,164,50,3,73.9321848000308,0,0,-0.485814680480701,0
15.5,165,50,3,73.8838485541996,0,0,-0.483362458311944,0
15.6,166,50,3,73.8357553665536,0,0,-0.480931876460033,0
15.7,167,50,3,73.7879030956946,0,0,-0.47852270859039,0
15.8,168,50,3,73.7402896227179,0,0,-0.4761347297665,0
15.9,169,50,3,73.692912851066,0,0,-0.473767716519546,0
16,170,50,3,73.6457707063748,0,0,-0.471421446912075,0
16.1,171,50,3,73.5988611363148,0,0,-0.469095700599951,0
16.2,172,50,3,73.5521821104265,0,0,-0.466790258882668,0
16.3,173,50,3,73.505731619951,0,0,-0.464504904755074,0
16.4,174,50,3,73.4595076776561,0,0,-0.462239422949438,0
16.5,175,50,3,73.4135083176583,0,0,-0.459993599977793,0
16.6,176,50,3,73.3677315952418,0,0,-0.457767224165195,0
16.7,177,50,3,73.3221755866734,0,0,-0.455560085683544,0
16.8,178,50,3,73.2768383890155,0,0,-0.453371976578865,0
16.9,179,50,3,73.2317181199358,0,0,-0.451202690797459,0
17,180,50,3,73.1868129175151,0,0,-0.449052024206651,0
17.1,181,50,3,73.1421209400537,0,0,-0.446919774614116,0
17.2,182,50,3,73.0976403658752,0,0,-0.444805741784648,0
17.3,183,50,3,73.0533693931301,0,0,-0.442709727451813,0
17.4,184,50,3,73.0093062395969,0,0,-0.440631535331875,0
17.5,185,50,3,72.965449142484,0,0,-0.438570971128911,0
17.6,186,50,3,72.9217963582294,0,0,-0.436527842545331,0
17.7,187,50,3,72.8783461623011,0,0,-0.434501959283295,0
17.8,188,50,3,72.8350968489962,0,0,-0.432493133049263,0
17.9,189,50,3,72.7920467312408,0,0,-0.430501177554277,0
18,190,50,3,72.7491941403894,0,0,-0.428525908513961,0
18.1,191,50,3,72.7065374260248,0,0,-0.426567143645684,0
18.2,192,50,3,72.6640749557582,0,0,-0.424624702665994,0
18.3,193,50,3,72.6218051150298,0,0,-0.422698407284088,0
18.4,194,50,3,72.5797263069099,0,0,-0.420788081198396,0
18.5,195,50,3,72.5378369519014,0,0,-0.4188935500855,0
18.6,196,50,3,72.4961354877417,0,0,-0.417014641597291,0
18.7,197,50,3,72.4546203692071,0,0,-0.415151185345906,0
18.8,198,50,3,72.4132900679173,0,0,-0.413303012898041,0
18.9,199,50,3,72.3721430721412,0,0,-0.411469957761028,0
19,200,50,3,72.3311778866038,0,0,-0.409651855373738,0
19.1,201,50,3,72.2903930322946,0,0,-0.407848543092371,0
19.2,202,50,3,72.2497870462769,0,0,-0.406059860176811,0
19.3,203,50,3,72.2093584814988,0,0,-0.404285647780398,0
19.4,204,50,3,72.1691059066059,0,0,-0.402525748929747,0
19.5,205,50,3,72.1290279057541,0,0,-0.400780008517643,0
19.6,206,50,3,72.089123078426,0,0,-0.399048273280584,0
19.7,207,50,3,72.0493900392473,0,0,-0.397330391787705,0
19.8,208,50,3,72.0098274178048,0,0,-0.395626214424851,0
19.9,209,50,3,71.9704338584673,0,0,-0.393935593374692,0
20,210,50,3,71.9312080202069,0,0,-0.392258382603927,0
20.1,211,50,3,71.8921485764224,0,0,-0.390594437845664,0
20.2,212,50,3,71.8532542147643,0,0,-0.388943616580377,0
20.3,213,50,3,71.8145236369622,0,0,-0.38730577802113,0
20.4,214,50,3,71.7759555586528,0,0,-0.385680783094529,0
20.5,215,50,3,71.7375487092103,0,0,-0.384068494424241,0
20.6,216,50,3,71.6993018315791,0,0,-0.382468776312521,0
20.7,217,50,3,71.6612136821068,0,0,-0.380881494722303,0
20.8,218,50,3,71.6232830303808,0,0,-0.379306517260432,0
20.9,219,50,3,71.5855086590649,0,0,-0.377743713158907,0
21,220,50,3,71.5478893637393,0,0,-0.376192953255838,0
21.1,221,50,3,71.5104239527413,0,0,-0.374654109980384,0
21.2,222,50,3,71.4731112470081,0,0,-0.37312705733143,0
21.3,223,50,3,71.435950079922,0,0,-0.371611670861398,0
21.4,224,50,3,71.3989392971561,0,0,-0.370107827658899,0
21.5,225,50,3,71.3620777565232,0,0,-0.368615406329127,0
21.6,226,50,3,71.3253643278257,0,0,-0.367134286975102,0
21.7,227,50,3,71.2887978927072,0,0,-0.36566435118516,0
21.8,228,50,3,71.2523773445064,0,0,-0.364205482007378,0
21.9,229,50,3,71.2161015881127,0,0,-0.362757563937635,0
22,230,50,3,71.1799695398226,0,0,-0.361320482900851,0
22.1,231,50,3,71.1439801271995,0,0,-0.359894126230529,0
22.2,232,50,3,71.1081322889338,0,0,-0.358478382657381,0
22.3,233,50,3,71.0724249747054,0,0,-0.357073142283753,0
22.4,234,50,3,71.036857145048,0,0,-0.355678296573956,0
22.5,235,50,3,71.0014277712148,0,0,-0.354293738332672,0
22.6,236,50,3,70.9661358350457,0,0,-0.352919361690738,0
22.7,237,50,3,70.9309803288371,0,0,-0.351555062085822,0
22.8,238,50,3,70.8959602552123,0,0,-0.350200736248212,0
22.9,239,50,3,70.8610746269943,0,0,-0.34885628218035,0
23,240,50,3,70.8263224670795,0,0,-0.347521599147171,0
23.1,241,50,3,70.7917028083143,0,0,-0.346196587652798,0
23.2,242,50,3,70.7572146933715,0,0,-0.344881149427465,0
23.3,243,50,3,70.7228571746301,0,0,-0.343575187413876,0
23.4,244,50,3,70.6886293140555,0,0,-0.342278605746174,0
23.5,245,50,3,70.6545301830815,0,0,-0.340991309739707,0
23.6,246,50,3,70.6205588624943,0,0,-0.339713205872272,0
23.7,247,50,3,70.5867144423175,0,0,-0.338444201768198,0
23.8,248,50,3,70.5529960216988,0,0,-0.337184206186976,0
23.9,249,50,3,70.5194027087984,0,0,-0.335933129003934,0
24,250,50,3,70.4859336206783,0,0,-0.334690881200572,0
24.1,251,50,3,70.4525878831942,0,0,-0.333457374841828,0
24.2,252,50,3,70.419364630887,0,0,-0.332232523071525,0
24.3,253,50,3,70.386263006878,0,0,-0.331016240090207,0
24.4,254,50,3,70.3532821627635,0,0,-0.329808441144905,0
24.5,255,50,3,70.3204212585121,0,0,-0.328609042514358,0
24.6,256,50,3,70.2876794623625,0,0,-0.327417961495371,0
24.7,257,50,3,70.2550559507239,0,0,-0.326235116386329,0
24.8,258,50,3,70.2225499080759,0,0,-0.325060426479808,0
24.9,259,50,3,70.1901605268715,0,0,-0.323893812044389,0
25,260,50,3,70.1578870074403,0,0,-0.322735194311576,0
25.1,261,50,3,70.1257285578938,0,0,-0.321584495465572,0
25.2,262,50,3,70.0936843940308,0,0,-0.320441638629063,0
25.3,263,50,3,70.0617537392458,0,0,-0.319306547850147,0
25.4,264,50,3,70.0299358244369,0,0,-0.318179148089257,0
25.5,265,50,3,69.998229887916,0,0,-0.317059365209502,0
25.6,266,50,3,69.9666351753197,0,0,-0.315947125963021,0
25.7,267,50,3,69.935150939522,0,0,-0.314842357976772,0
25.8,268,50,3,69.9037764405475,0,0,-0.313744989744578,0
25.9,269,50,3,69.8725109454862,0,0,-0.312654950612909,0
26,270,50,3,69.8413537284092,0,0,-0.31157217077066,0
26.1,271,50,3,69.8103040702856,0,0,-0.310496581236066,0
26.2,272,50,3,69.7793612589007,0,0,-0.309428113848185,0
26.3,273,50,3,69.7485245887754,0,0,-0.308366701253249,0
26.4,274,50,3,69.717793361086,0,0,-0.307312276894436,0
26.5,275,50,3,69.6871668835856,0,0,-0.30626477500391,0
26.6,276,50,3,69.6566444705271,0,0,-0.305224130585202,0
26.7,277,50,3,69.6262254425858,0,0,-0.304190279412637,0
26.8,278,50,3,69.5959091267846,0,0,-0.303163158011444,0
26.9,279,50,3,69.5656948564191,0,0,-0.302142703655477,0
27,280,50,3,69.5355819709842,0,0,-0.301128854349031,0
27.1,281,50,3,69.5055698161016,0,0,-0.300121548826269,0
27.2,282,50,3,69.4756577434483,0,0,-0.299120726533033,0
27.3,283,50,3,69.4458451106859,0,0,-0.298126327623436,0
27.4,284,50,3,69.5664161372359,0,0,1.20571026549996,0
27.5,285,50,3,69.8790298835005,0,0,3.12613746264603,0
27.6,286,50,3,70.1882523633592,0,0,3.09222479858633,0
27.7,287,50,3,70.4941299032363,0,0,3.0587753987713,0
27.8,288,50,3,70.7967080535378,0,0,3.02578150301514,0
27.9,289,50,3,71.096031604045,0,0,2.99323550507211,0
28,290,50,3,71.3921445989571,0,0,2.96112994912136,0
28.1,291,50,3,71.6850903515902,0,0,2.92945752633017,0
28.2,292,50,3,71.9749114587416,0,0,2.89821107151482,0
28.3,293,50,3,72.26164981473,0,0,2.86738355988376,0
28.4,294,50,3,72.5453466251166,0,0,2.83696810386559,0
28.5,295,50,3,72.8260424201181,0,0,2.80695795001478,0
28.6,296,50,3,73.1037770677183,0,0,2.77734647600198,0
28.7,297,50,3,73.3785897864858,0,0,2.74812718767521,0
28.8,298,50,3,73.6505191581058,0,0,2.7192937161999,0
28.9,299,50,3,73.9196031396323,0,0,2.69083981526506,0
29,300,50,3,74.1858790754692,0,0,2.66275935836902,0
29.1,301,50,3,74.4493837090855,0,0,2.63504633616293,0
29.2,302,50,3,74.7101531944724,0,0,2.60769485386945,0
29.3,303,50,3,74.9682231073485,0,0,2.58069912876039,0
29.4,304,50,3,75.2236284561184,0,0,2.55405348769926,0
29.5,305,50,3,75.476403692593,0,0,2.52775236474577,0
29.6,306,50,3,75.7265827224743,0,0,2.50179029881394,0
29.7,307,50,3,75.9741989156143,0,0,2.47616193139933,0
29.8,308,50,3,76.2192851160492,0,0,2.45086200434898,0
29.9,309,50,3,76.4618736518186,0,0,2.42588535769386,0
30,310,50,3,76.7019963445722,0,0,2.40122692753602,0
30.1,311,50,3,76.9396845189698,0,0,2.37688174397675,0
30.2,312,50,3,77.1749690118811,0,0,2.35284492911305,0
30.3,313,50,3,77.4078801813869,0,0,2.32911169505797,0
30.4,314,50,3,77.6384479155907,0,0,2.30567734203802,0
30.5,315,50,3,77.8667016412413,0,0,2.28253725650518,0
30.6,316,50,3,78.092670332174,0,0,2.25968690932774,1
30.7,317,50,3,78.3163825175732,0,0,2.23712185399137,1
30.8,318,50,3,78.5378662900599,0,0,2.21483772486692,1
30.9,319,50,3,78.757149313611,0,0,2.19283023551156,1
31,320,50,3,78.9742588313119,0,0,2.17109517700834,1
31.1,321,50,3,79.1892216729465,0,0,2.14962841634673,1
31.2,322,50,3,79.4020642624309,0,0,2.12842589484325,1
31.3,323,50,3,79.6128126250905,0,0,2.10748362659615,1
31.4,324,50,3,79.8214923947885,0,0,2.08679769698008,1
31.5,325,50,3,80.0281288209057,0,0,2.06636426117271,1
31.6,326,50,3,80.2327467751775,0,0,2.04617954271754,1
31.7,327,50,3,80.4353707583893,0,0,2.02623983211765,1
31.8,328,50,3,80.6360249069364,0,0,2.0065414854713,1
31.9,329,50,3,80.8347329992486,0,0,1.98708092312245,1
32,330,50,3,81.0315184620846,0,0,1.96785462835976,1
32.1,331,50,3,81.2264043766981,0,0,1.94885914613508,1
32.2,332,50,3,81.4194134848795,0,0,1.93009108181386,1
32.3,333,50,3,81.6105681948753,0,0,1.91154709995814,1
32.4,334,50,3,81.7998905871882,0,0,1.89322392312889,1
32.5,335,50,3,81.9874024202607,0,0,1.87511833072492,1
32.6,336,50,3,42.173125136045,1,1,-398.142772842157,1
32.7,337,50,3,42.3570798654616,1,1,1.83954729416534,1
32.8,338,50,3,42.5392874337484,1,1,1.82207568286785,1
32.9,339,50,3,42.7197683657049,1,1,1.80480931956559,1
33,340,50,3,42.8985428908313,1,1,1.78774525126336,1
33.1,341,50,3,43.0756309483661,1,1,1.77088057534839,1
33.2,342,50,3,43.2510521922253,1,1,1.75421243859212,1
33.3,343,50,3,83.4248259958433,0,0,401.73773803618,1
33.4,344,50,3,83.5969714569195,0,0,1.72145461076269,1
33.5,345,50,3,83.7675074020727,0,0,1.70535945153134,1
33.6,346,50,3,83.9364523914028,0,0,1.68944989330143,1
33.7,347,50,3,84.1038247229662,0,0,1.67372331563428,1
33.8,348,50,3,84.2696424371625,0,0,1.65817714196237,1
33.9,349,50,3,84.4339233210368,0,0,1.64280883874369,1
34,350,50,3,84.5966849125,0,0,1.62761591463195,1
34.1,351,50,3,84.7579445044661,0,0,1.61259591966072,1
34.2,352,50,3,84.9177191489114,0,0,1.59774644445278,1
34.3,353,50,3,85.0760256608554,0,0,1.58306511943991,1
34.4,354,50,3,85.232880622266,0,0,1.56854961410659,1
34.5,355,50,3,85.3883003858901,0,0,1.55419763624053,1
34.6,356,50,3,85.5423010790111,0,0,1.54000693120977,1
34.7,357,50,3,85.6948986071359,0,0,1.52597528124829,1
34.8,358,50,3,85.8461086576117,0,0,1.51210050475825,1
34.9,359,50,3,85.995946703175,0,0,1.49838045563229,1
35,360,50,3,46.144428005433,1,1,-398.515186977419,1
35.1,361,50,3,46.2915676182809,1,1,1.47139612847937,1
35.2,362,50,3,46.4373803912545,1,1,1.45812772973571,1
35.3,363,50,3,46.5818809728203,1,1,1.44500581565779,1
35.4,364,50,3,46.7250838136045,1,1,1.43202840784241,1
35.5,365,50,3,46.8670031695623,1,1,1.41919355957761,1
35.6,366,50,3,47.0076531050876,1,1,1.40649935525282,1
35.7,367,50,3,47.1470474960666,1,1,1.39394390978993,1
35.8,368,50,3,47.2852000328739,1,1,1.38152536807304,1
35.9,369,50,3,47.4221242233142,1,1,1.36924190440318,1
36,370,50,3,47.5578333955099,1,1,1.3570917219571,1
36.1,371,50,3,47.6923407007361,1,1,1.34507305226172,1
36.2,372,50,3,47.825659116203,1,1,1.33318415466974,1
36.3,373,50,3,47.9578014477893,1,1,1.3214233158628,1
36.4,374,50,3,48.0887803327243,1,1,1.30978884934933,1
36.5,375,50,3,48.2186082422223,1,1,1.29827909498047,1
36.6,376,50,3,48.3472974840695,1,1,1.28689241847162,1
36.7,377,50,3,48.4748602051637,1,1,1.27562721094257,1
36.8,378,50,3,48.6013083940093,1,1,1.26448188845529,1
36.9,379,50,3,48.7266538831661,1,1,1.25345489156842,1
37,380,50,3,48.8509083516561,1,1,1.24254468490015,1
37.1,381,50,3,48.9740833273257,1,1,1.23174975669635,1
37.2,382,50,3,49.0961901891672,1,1,1.22106861841445,1
37.3,383,50,3,49.2172401695977,1,1,1.21049980430513,1
37.4,384,50,3,49.3372443566993,1,1,1.20004187101571,1
37.5,385,50,3,49.4562136964181,1,1,1.18969339718838,1
37.6,386,50,3,49.5741589947256,1,1,1.17945298307511,1
37.7,387,50,3,49.6910909197414,1,1,1.16931925015777,1
37.8,388,50,3,49.807020003819,1,1,1.15929084077649,1
37.9,389,50,3,49.9219566455951,1,1,1.1493664177604,1
38,390,50,3,50.0359111120028,1,1,1.13954466407748,1
38.1,391,50,3,50.1488935402503,1,1,1.12982428247456,1
38.2,392,50,3,50.2609139397646,1,1,1.12020399514265,1
38.3,393,50,3,50.3719821941018,1,1,1.11068254337233,1
38.4,394,50,3,50.4821080628246,1,1,1.10125868722825,1
38.5,395,50,3,50.5913011833471,1,1,1.0919312052247,1
38.6,396,50,3,90.6995710727477,0,0,401.082698894006,1
38.7,397,50,3,90.8069271295514,0,0,1.0735605680371,1
38.8,398,50,3,90.9133786354811,0,0,1.06451505929641,1
38.9,399,50,3,91.0189347571789,0,0,1.05556121697887,1
39,400,50,3,91.123604547899,0,0,1.04669790720067,1
39.1,401,50,3,91.2273969491702,0,0,1.03792401271207,1
39.2,402,50,3,91.3303207924317,0,0,1.02923843261493,1
39.3,403,50,3,91.4323848006403,0,0,1.02064008208615,1
39.4,404,50,3,91.5335975898508,0,0,1.01212789210521,1
39.5,405,50,3,91.6339676707697,0,0,1.00370080918907,1
39.6,406,50,3,91.7335034502828,0,0,0.995357795130474,1
39.7,407,50,3,51.832213232957,1,1,-399.012902173258,1
39.8,408,50,3,51.9301052225171,1,1,0.978919895601535,1
39.9,409,50,3,52.0271875232985,1,1,0.970823007813806,1
40,410,50,3,52.1234681416742,1,1,0.962806183756584,1
40.1,411,50,3,52.2189549874597,1,1,0.954868457855014,1
40.2,412,50,3,52.3136558752938,1,1,0.947008878340796,1
40.3,413,50,3,52.4075785259965,1,1,0.939226507027442,1
40.4,414,50,3,52.500730567905,1,1,0.931520419084464,1
40.5,415,50,3,52.5931195381868,1,1,0.923889702818173,1
40.6,416,50,3,52.6847528841323,1,1,0.916333459455529,1
40.7,417,50,3,52.7756379644257,1,1,0.908850802933472,1
40.8,418,50,3,52.8657820503944,1,1,0.901440859687455,1
40.9,419,50,3,52.9551923272395,1,1,0.894102768451006,1
41,420,50,3,53.043875895245,1,1,0.886835680054716,1
41.1,421,50,3,53.1318397709679,1,1,0.879638757229131,1
41.2,422,50,3,53.2190908884089,1,1,0.872511174409709,1
41.3,423,50,3,53.3056361001641,1,1,0.865452117551939,1
41.4,424,50,3,53.3914821785584,1,1,0.858460783943542,1
41.5,425,50,3,53.4766358167602,1,1,0.851536382017883,1
41.6,426,50,3,53.5611036298783,1,1,0.844678131180885,1
41.7,427,50,3,53.6448921560416,1,1,0.837885261632749,1
41.8,428,50,3,53.728007857461,1,1,0.831157014194233,1
41.9,429,50,3,53.8104571214747,1,1,0.824492640136825,1
42,430,50,3,53.8922462615767,1,1,0.817891401020105,1
42.1,431,50,3,53.9733815184289,1,1,0.811352568522068,1
42.2,432,50,3,54.0538690608574,1,1,0.804875424285001,1
42.3,433,50,3,54.1337149868327,1,1,0.798459259752562,1
42.4,434,50,3,54.2129253244345,1,1,0.792103376018076,1
42.5,435,50,3,54.2915060328017,1,1,0.785807083672054,1
42.6,436,50,3,54.3694630030668,1,1,0.779569702650988,1
42.7,437,50,3,54.4468020592762,1,1,0.77339056209432,1
42.8,438,50,3,54.5235289592956,1,1,0.767269000194446,1
42.9,439,50,3,54.5996493957021,1,1,0.761204364064483,1
43,440,50,3,54.675168996661,1,1,0.755196009588914,1
43.1,441,50,3,54.7500933267903,1,1,0.749243301292992,1
43.2,442,50,3,54.8244278880113,1,1,0.743345612210149,1
43.3,443,50,3,54.8981781203858,1,1,0.737502323745147,1
43.4,444,50,3,54.9713494029405,1,1,0.731712825546467,1
43.5,445,50,3,55.0439470544787,1,1,0.725976515382953,1
43.6,446,50,3,55.1159763343802,1,1,0.72029279901443,1
43.7,447,50,3,55.187442443387,1,1,0.714661090068489,1
43.8,448,50,3,55.2583505243795,1,1,0.709080809924387,1
43.9,449,50,3,55.3287056631384,1,1,0.703551387589556,1
44,450,50,3,55.3985128890973,1,1,0.698072259588685,1
44.1,451,50,3,55.4677771760816,1,1,0.692642869842501,1
44.2,452,50,3,55.5365034430376,1,1,0.68726266956034,1
44.3,453,50,3,55.6046965547505,1,1,0.681931117129508,1
44.4,454,50,3,55.6723613225508,1,1,0.676647678003093,1
44.5,455,50,3,55.7395025050106,1,1,0.671411824597286,1
44.6,456,50,3,55.806124808629,1,1,0.666223036184164,0
44.7,457,50,3,95.8722328885076,0,0,400.661080798786,0
44.8,458,50,3,95.9378313490161,0,0,0.655984605084967,0
44.9,459,50,3,96.0029247444467,0,0,0.650933954305799,0
45,460,50,3,96.0675175796601,0,0,0.645928352134035,0
45.1,461,50,3,96.1316143107212,0,0,0.640967310611273,0
45.2,462,50,3,96.1952193455255,0,0,0.636050348042687,0
45.3,463,50,3,96.2583370444158,0,0,0.631176988902808,0
45.4,464,50,3,96.3209717207906,0,0,0.626346763748273,0
45.5,465,50,3,96.3831276417026,0,0,0.621559209119624,0
45.6,466,50,3,96.4448090284489,0,0,0.616813867463151,0
45.7,467,50,3,96.5060200571524,0,0,0.61211028703525,0
45.8,468,50,3,96.5667648593347,0,0,0.607448021822563,0
45.9,469,50,3,96.62704752248,0,0,0.602826631453297,0
46,470,50,3,96.6868720905921,0,0,0.59824568112063,0
46.1,471,50,3,96.7462425647415,0,0,0.593704741494463,0
46.2,472,50,3,96.8051629036063,0,0,0.589203388647377,0
46.3,473,50,3,96.8636370240034,0,0,0.584741203971078,0
46.4,474,50,3,96.9216688014138,0,0,0.58031777410477,0
46.5,475,50,3,96.9792620704991,0,0,0.575932690852596,0
46.6,476,50,3,97.0364206256105,0,0,0.57158555111414,0
46.7,477,50,3,97.0931482212914,0,0,0.567275956808686,0
46.8,478,50,3,97.1494485727717,0,0,0.563003514803455,0
46.9,479,50,3,97.2053253564558,0,0,0.558767836840417,0
47,480,50,3,97.2607822104026,0,0,0.554568539468363,0
47.1,481,50,3,97.3158227348002,0,0,0.550405243976115,0
47.2,482,50,3,97.3704504924322,0,0,0.546277576319483,0
47.3,483,50,3,97.4246690091379,0,0,0.54218516705717,0
47.4,484,50,3,97.4784817742669,0,0,0.53812765128967,0
47.5,485,50,3,97.5318922411253,0,0,0.534104668584092,0
47.6,486,50,3,97.5849038274175,0,0,0.530115862922855,0
47.7,487,50,3,97.6375199156809,0,0,0.526160882633349,0
47.8,488,50,3,97.6897438537137,0,0,0.522239380328102,0
47.9,489,50,3,97.7415789549982,0,0,0.518351012845386,0
48,490,50,3,97.7930284991173,0,0,0.514495441191087,0
48.1,491,50,3,97.8440957321648,0,0,0.510672330474904,0
48.2,492,50,3,97.8947838671509,0,0,0.506881349860606,0
48.3,493,50,3,97.945096084401,0,0,0.503122172501378,0
48.4,494,50,3,97.9950355319499,0,0,0.499394475488941,0
48.5,495,50,3,98.0446053259297,0,0,0.495697939798134,0
48.6,496,50,3,98.0938085509528,0,0,0.492032250230778,0
48.7,497,50,3,98.1426482604895,0,0,0.488397095366508,0
48.8,498,50,3,98.1911274772399,0,0,0.48479216750394,0
48.9,499,50,3,98.2392491935015,0,0,0.481217162615906,0
49,500,50,3,98.2870163715311,0,0,0.477671780296305,0
49.1,501,50,3,98.3344319439019,0,0,0.47415572370781,0
49.2,502,50,3,98.3814988138554,0,0,0.470668699534968,0
49.3,503,50,3,98.4282198556491,0,0,0.467210417937167,0
49.4,504,50,3,98.474597914899,0,0,0.463780592499177,0
49.5,505,50,3,98.5206358089173,0,0,0.460378940183119,0
49.6,506,50,3,98.5663363270458,0,0,0.457005181285268,0
49.7,507,50,3,98.6117022309847,0,0,0.453659039388867,0
49.8,508,50,3,98.6567362551168,0,0,0.45034024132093,0
49.9,509,50,3,98.7014411068272,0,0,0.447048517103781,0
50,510,50,3,98.745819466819,0,0,0.443783599917964,0
50.1,511,50,3,98.7898739894246,0,0,0.440545226056628,0
50.2,512,50,3,98.8336073029128,0,0,0.437333134881328,0
50.3,513,50,3,98.8770220097912,0,0,0.434147068784512,0
50.4,514,50,3,98.920120687106,0,0,0.43098677314731,0
50.5,515,50,3,98.9629058867357,0,0,0.427851996297619,0
50.6,516,50,3,99.005380135683,0,0,0.424742489473005,0
50.7,517,50,3,99.0475459363612,0,0,0.421658006782195,0
50.8,518,50,3,99.0894057668775,0,0,0.41859830516259,0
50.9,519,50,3,99.1309620813124,0,0,0.415563144348994,0
51,520,50,3,99.1722173099954,0,0,0.412552286830135,0
51.1,521,50,3,99.213173859777,0,0,0.409565497815549,0
51.2,522,50,3,99.253834114297,0,0,0.406602545199775,0
51.3,523,50,3,99.2942004342495,0,0,0.403663199525539,0
51.4,524,50,3,99.3342751576443,0,0,0.400747233948238,0
51.5,525,50,3,99.3740606000646,0,0,0.397854424202677,0
51.6,526,50,3,99.4135590549217,0,0,0.394984548570818,0
51.7,527,50,3,99.452772793706,0,0,0.392137387843263,0
51.8,528,50,3,99.4917040662352,0,0,0.389312725291546,0
51.9,529,50,3,99.5303551008986,0,0,0.38651034663431,0
52,530,50,3,99.5687281048986,0,0,0.383730040000501,0
52.1,531,50,3,99.6068252644895,0,0,0.380971595908761,0
52.2,532,50,3,99.6446487452118,0,0,0.378234807223237,0
52.3,533,50,3,99.6822006921251,0,0,0.375519469132826,0
52.4,534,50,3,99.719483230037,0,0,0.372825379118495,0
52.5,535,50,3,99.7564984637289,0,0,0.370152336919318,0
52.6,536,50,3,99.79324847818,0,0,0.367500144511297,0
52.7,537,50,3,99.829735338787,0,0,0.364868606069848,0
52.8,538,50,3,99.8659610915819,0,0,0.362257527948344,0
52.9,539,50,3,99.9019277634465,0,0,0.359666718646849,0
53,540,50,3,99.9376373623251,0,0,0.357095988785403,0
53.1,541,50,3,99.9730918774326,0,0,0.354545151074888,0
53.2,542,50,3,100.008293279462,0,0,0.352014020295144,0
53.3,543,50,3,100.043243520788,0,0,0.349502413262144,0
53.4,544,50,3,100.077944535669,0,0,0.347010148808664,0
53.5,545,50,3,100.112398240444,0,0,0.34453704775288,0
53.6,546,50,3,100.146606533732,0,0,0.342082932875485,0
53.7,547,50,3,100.180571296622,0,0,0.33964762889795,0
53.8,548,50,3,100.214294392867,0,0,0.337230962451684,0
53.9,549,50,3,100.247777669073,0,0,0.334832762059278,0
54,550,50,3,100.281022954884,0,0,0.332452858106649,0
54.1,551,50,3,100.314032063166,0,0,0.33009108282414,0
54.2,552,50,3,100.346806790192,0,0,0.327747270259238,0
54.3,553,50,3,100.379348915817,0,0,0.32542125625497,0
54.4,554,50,3,100.41166020366,0,0,0.323112878427594,0
54.5,555,50,3,100.443742401275,0,0,0.32082197614713,0
54.6,556,50,3,100.475597240326,0,0,0.318548390510216,0
54.7,557,50,3,100.507226436758,0,0,0.316291964321636,0
54.8,558,50,3,100.538631690965,0,0,0.314052542073568,0
54.9,559,50,3,100.569814687958,0,0,0.311829969924418,0
55,560,50,3,100.600777097525,0,0,0.309624095676071,0
55.1,561,50,3,100.631520574401,0,0,0.307434768756565,0
55.2,562,50,3,100.662046758421,0,0,0.305261840197062,0
55.3,563,50,3,100.692357274682,0,0,0.303105162615509,0
55.4,564,50,3,100.722453733702,0,0,0.30096459019191,0
55.5,565,50,3,100.752337731567,0,0,0.29883997865781,0
55.6,566,50,3,100.782010850094,0,0,0.296731185264889,0
55.7,567,50,3,100.811474656972,0,0,0.294638068779562,0
55.8,568,50,3,100.840730705917,0,0,0.292560489454559,0
55.9,569,50,3,100.869780536819,0,0,0.290498309015987,0
56,570,50,3,100.898625675883,0,0,0.288451390642308,0
56.1,571,50,3,100.927267635778,0,0,0.286419598951255,0
56.2,572,50,3,100.955707915776,0,0,0.284402799974259,0
56.3,573,50,3,100.983948001891,0,0,0.282400861150904,0
56.4,574,50,3,101.011989367021,0,0,0.280413651298232,0
56.5,575,50,3,101.039833471081,0,0,0.278441040607476,0
56.6,576,50,3,101.067481761143,0,0,0.27648290061677,0
56.7,577,50,3,101.094935671563,0,0,0.274539104202773,0
56.8,578,50,3,101.122196624119,0,0,0.272609525557073,0
56.9,579,50,3,101.149266028137,0,0,0.270694040179649,0
57,580,50,3,101.176145280622,0,0,0.268792524852728,0
57.1,581,50,3,101.202835766386,0,0,0.266904857635524,0
57.2,582,50,3,101.22933885817,0,0,0.265030917841074,0
57.3,583,50,3,101.255655916772,0,0,0.263170586025012,0
57.4,584,50,3,61.2817882911695,1,0,-399.738676256028,0
57.5,585,50,3,61.3077373186372,1,0,0.259490274676679,0
57.6,586,50,3,61.3335043248706,1,0,0.257670062333872,0
57.7,587,50,3,61.3590906241028,1,0,0.255862992322022,0
57.8,588,50,3,61.3844975192218,1,0,0.254068951190192,0
57.9,589,50,3,61.4097263018859,1,0,0.252287826640725,0
58,590,50,3,61.4347782526383,1,0,0.250519507523776,0
58.1,591,50,3,61.4596546410197,1,0,0.248763883814078,0
58.2,592,50,3,61.4843567256801,1,0,0.2470208466044,0
58.3,593,50,3,61.5088857544891,1,0,0.245290288090061,0
58.4,594,50,3,61.5332429646448,1,0,0.243572101556282,0
58.5,595,50,3,61.5574295827814,1,0,0.241866181365964,0
58.6,596,50,3,61.5814468250758,1,0,0.240172422944624,0
58.7,597,50,3,61.605295897353,1,0,0.238490722772298,0
58.8,598,50,3,61.6289779951899,1,0,0.236820978368328,0
58.9,599,50,3,61.6524943040178,1,0,0.235163088278938,0
59,600,50,3,101.675845999224,0,0,400.233516952067,0
59.1,601,50,3,101.699034246255,0,0,0.231882470300917,0
59.2,602,50,3,101.722060200708,0,0,0.230259544538711,0
59.3,603,50,3,101.744925008441,0,0,0.228648077321907,0
59.4,604,50,3,101.767629805657,0,0,0.227047972160648,0
59.5,605,50,3,101.790175719009,0,0,0.225459133525163,0
59.6,606,50,3,101.812563865692,0,0,0.223881466830704,0
59.7,607,50,3,101.834795353535,0,0,0.22231487843186,0
59.8,608,50,3,101.856871281096,0,0,0.220759275607918,0
59.9,609,50,3,101.878792737752,0,0,0.219214566555195,0
60,610,50,3,101.900560803789,0,0,0.217680660371826,0
60.1,611,50,3,101.922176550494,0,0,0.216157467054501,0
60.2,612,50,3,101.943641040243,0,0,0.214644897480838,0
60.3,613,50,3,101.964955326583,0,0,0.213142863405125,0
60.4,614,50,3,101.986120454328,0,0,0.211651277446521,0
60.5,615,50,3,102.007137459635,0,0,0.210170053076695,0
60.6,616,50,3,102.028007370097,0,0,0.208699104614425,0
60.7,617,50,3,102.048731204818,0,0,0.207238347213803,0
60.8,618,50,3,62.0693099745036,1,0,-399.794212303146,0
60.9,619,50,3,62.0897446815367,1,0,0.204347070330826,0
61,620,50,3,62.1100363200617,1,0,0.202916385250234,0
61.1,621,50,3,102.130185876063,0,0,400.201495560013,0
61.2,622,50,3,102.150194327444,0,0,0.200084513812868,0
61.3,623,50,3,102.170062644107,0,0,0.198683166622828,0
61.4,624,50,3,102.189791788025,0,0,0.197291439187808,0
61.5,625,50,3,102.209382713327,0,0,0.195909253015287,0
61.6,626,50,3,102.228836366364,0,0,0.194536530371892,0
61.7,627,50,3,102.248153685791,0,0,0.193173194264489,0
61.8,628,50,3,102.267335602635,0,0,0.191819168443885,0
61.9,629,50,3,102.286383040374,0,0,0.190474377387915,0
62,630,50,3,102.305296915003,0,0,0.189138746296464,0
62.1,631,50,3,102.324078135112,0,0,0.187812201084654,0
62.2,632,50,3,102.342727601949,0,0,0.186494668373598,0
62.3,633,50,3,102.361246209497,0,0,0.18518607548188,0
62.4,634,50,3,102.379634844539,0,0,0.183886350419726,0
62.5,635,50,3,102.397894386727,0,0,0.182595421878631,0
62.6,636,50,3,102.41602570865,0,0,0.181313219229793,0
62.7,637,50,3,102.434029675901,0,0,0.180039672506496,0
62.8,638,50,3,102.451907147142,0,0,0.17877471240979,0
62.9,639,50,3,102.469658974171,0,0,0.177518270289028,0
63,640,50,3,102.487286001985,0,0,0.17627027814143,0
63.1,641,50,3,102.504789068846,0,0,0.175030668606553,0
63.2,642,50,3,102.522169006341,0,0,0.17379937495221,0
63.3,643,50,3,102.539426639448,0,0,0.172576331075618,0
63.4,644,50,3,102.556562786597,0,0,0.171361471490599,0
63.5,645,50,3,102.57357825973,0,0,0.170154731323606,0
63.6,646,50,3,102.590473864361,0,0,0.168956046308608,0
63.7,647,50,3,102.607250399638,0,0,0.167765352775149,0
63.8,648,50,3,102.623908658403,0,0,0.166582587648634,0
63.9,649,50,3,102.640449427247,0,0,0.165407688439387,0
64,650,50,3,102.656873486571,0,0,0.164240593237395,0
64.1,651,50,3,102.673181610641,0,0,0.163081240706191,0
64.2,652,50,3,102.689374567649,0,0,0.16192957007874,0
64.3,653,50,3,102.705453119764,0,0,0.160785521147631,0
64.4,654,50,3,102.72141802319,0,0,0.159649034261662,0
64.5,655,50,3,102.737270028222,0,0,0.158520050318316,0
64.6,656,50,3,102.753009879298,0,0,0.157398510760913,0
64.7,657,50,3,102.768638315055,0,0,0.156284357569234,0
64.8,658,50,3,102.78415606838,0,0,0.155177533254687,0
64.9,659,50,3,102.799563866466,0,0,0.15407798085775,0
65,660,50,3,102.81486243086,0,0,0.152985643936461,0
65.1,661,50,3,102.830052477517,0,0,0.151900466568264,0
65.2,662,50,3,102.84513471685,0,0,0.150822393336796,0
65.3,663,50,3,102.860109853784,0,0,0.149751369334155,0
65.4,664,50,3,102.874978587799,0,0,0.148687340150104,0
65.5,665,50,3,102.889741612985,0,0,0.147630251866104,0
65.6,666,50,3,102.904399618091,0,0,0.146580051058152,0
65.7,667,50,3,102.918953286569,0,0,0.145536684781433,0
65.8,668,50,3,102.933403296626,0,0,0.144500100571321,0
65.9,669,50,3,102.94775032127,0,0,0.143470246436834,0
66,670,50,3,102.961995028356,0,0,0.142447070857514,0
66.1,671,50,3,102.976138080633,0,0,0.141430522774897,0
66.2,672,50,3,102.990180135792,0,0,0.140420551589244,0
66.3,673,50,3,103.004121846508,0,0,0.13941710715784,0
66.4,674,50,3,103.017963860486,0,0,0.138420139784188,0
66.5,675,50,3,103.031706820509,0,0,0.137429600220145,0
66.6,676,50,3,103.045351364474,0,0,0.13644543965512,0
66.7,677,50,3,103.058898125446,0,0,0.135467609717068,0
66.8,678,50,3,103.072347731692,0,0,0.134496062462262,0
66.9,679,50,3,103.08570080673,0,0,0.133530750377275,0
67,680,50,3,103.098957969366,0,0,0.1325716263662,0
67.1,681,50,3,103.112119833742,0,0,0.131618643758884,0
67.2,682,50,3,103.125187009371,0,0,0.130671756291179,0
67.3,683,50,3,103.138160101183,0,0,0.129730918113466,0
67.4,684,50,3,103.151039709561,0,0,0.128796083780287,0
67.5,685,50,3,103.163826430385,0,0,0.127867208246357,0
67.6,686,50,3,103.176520855072,0,0,0.126944246866003,0
67.7,687,50,3,103.18912357061,0,0,0.126027155385202,0
67.8,688,50,3,103.201635159604,0,0,0.125115889937604,0
67.9,689,50,3,63.2140562003089,1,0,-399.875789592953,0
68,690,50,3,63.2263872666701,1,0,0.123310663611491,0
68.1,691,50,3,63.2386289283614,1,0,0.122416616913128,0
68.2,692,50,3,63.2507817508218,1,0,0.121528224604504,0
68.3,693,50,3,103.262846295293,0,0,400.120645444707,0
68.4,694,50,3,103.274823118854,0,0,0.119768235610991,0
68.5,695,50,3,103.28671277446,0,0,0.11889655606808,0
68.6,696,50,3,103.298515810979,0,0,0.118030365187991,0
68.7,697,50,3,103.310232773223,0,0,0.11716962243554,0
68.8,698,50,3,103.321864201986,0,0,0.116314287628398,0
68.9,699,50,3,103.333410634079,0,0,0.115464320932119,0
69,700,50,3,103.344872602364,0,0,0.114619682856159,0
69.1,701,50,3,103.35625063579,0,0,0.113780334251459,0
69.2,702,50,3,103.36754525942,0,0,0.112946236307323,0
69.3,703,50,3,103.378756994475,0,0,0.112117350546015,0
69.4,704,50,3,103.389886358357,0,0,0.111293638821905,0
69.5,705,50,3,103.400933864689,0,0,0.110475063319342,0
69.6,706,50,3,63.4119000233432,1,0,-399.890338413459,0
69.7,707,50,3,63.4227853404751,1,0,0.108853171318941,0
69.8,708,50,3,63.4335903185547,1,0,0.108049780796762,0
69.9,709,50,3,63.4443154563984,1,0,0.107251378436501,0
70,710,50,3,63.4549612491995,1,0,0.106457928010855,0
70.1,711,50,3,63.4655281885597,1,0,0.10566939360217,0
70.2,712,50,3,63.4760167625195,1,0,0.104885739597762,0
70.3,713,50,3,63.4864274555884,1,0,0.104106930688843,0
70.4,714,50,3,63.4967607487749,1,0,0.103332931865197,0
70.5,715,50,3,63.5070171196162,1,0,0.102563708413399,0
70.6,716,50,3,63.5171970422078,1,0,0.101799225915542,0
70.7,717,50,3,63.5273009872322,1,0,0.101039450243974,0
70.8,718,50,3,63.537329421988,1,0,0.100284347558031,0
70.9,719,50,3,63.5472828104185,1,0,0.0995338843047477,0
71,720,50,3,63.5571616131397,1,0,0.0987880272126063,0
71.1,721,50,3,63.5669662874687,1,0,0.0980467432897569,0
71.2,722,50,3,63.5766972874509,1,0,0.0973099998219595,0
71.3,723,50,3,63.5863550638879,1,0,0.0965777643702381,0
71.4,724,50,3,103.595940064364,0,0,400.095850004765,0
71.5,725,50,3,103.605452733275,0,0,0.0951266891098612,0
71.6,726,50,3,103.614893511853,0,0,0.0944077857714376,0
71.7,727,50,3,63.6242628381906,1,0,-399.90630673662,0
71.8,728,50,3,63.6335611472739,1,0,0.0929830908333429,0
71.9,729,50,3,63.642788871002,1,0,0.0922772372806691,0
72,730,50,3,63.6519464382152,1,0,0.091575672131512,0
72.1,731,50,3,63.6610342747201,1,0,0.0908783650489653,0
72.2,732,50,3,63.670052803315,1,0,0.090185285949218,0
72.3,733,50,3,63.6790024438143,1,0,0.0894964049937386,0
72.4,734,50,3,63.6878836130739,1,0,0.08881169259503,0
72.5,735,50,3,63.6966967250146,1,0,0.088131119407393,0
72.6,736,50,3,63.7054421906474,1,0,0.08745465632785,0
72.7,737,50,3,63.7141204180968,1,0,0.0867822744944391,0
72.8,738,50,3,63.7227318126249,1,0,0.0861139452807436,0
72.9,739,50,3,63.7312767766547,1,0,0.0854496402980942,0
73,740,50,3,63.7397557097934,1,0,0.084789331387114,0
73.1,741,50,3,63.7481690088559,1,0,0.0841329906246813,0
73.2,742,50,3,63.756517067887,1,0,0.0834805903116376,0
73.3,743,50,3,63.7648002781846,1,0,0.0828321029759849,0
73.4,744,50,3,63.773019028322,1,0,0.0821875013738094,0
73.5,745,50,3,63.7811737041698,1,0,0.081546758478197,0
73.6,746,50,3,63.7892646889184,1,0,0.0809098474859837,0
73.7,747,50,3,63.7972923630996,1,0,0.0802767418117156,0
73.8,748,50,3,63.8052571046081,1,0,0.0796474150844517,0
73.9,749,50,3,63.813159288723,1,0,0.0790218411489718,0
74,750,50,3,63.820999288129,1,0,0.0783999940607316,0
74.1,751,50,3,63.8287774729375,1,0,0.0777818480851522,0
74.2,752,50,3,63.8364942107074,1,0,0.0771673776982595,0
74.3,753,50,3,63.8441498664652,1,0,0.0765565575787264,0
74.4,754,50,3,63.8517448027263,1,0,0.0759493626104302,0
74.5,755,50,3,63.8592793795146,1,0,0.0753457678831637,0
74.6,756,50,3,63.8667539543827,1,0,0.0747457486809822,0
74.7,757,50,3,63.8741688824318,1,0,0.0741492804905874,0
74.8,758,50,3,63.8815245163314,1,0,0.0735563389962834,0
74.9,759,50,3,63.8888212063387,1,0,0.072966900073439,0
75,760,50,3,63.8960593003181,1,0,0.0723809397933195,0
75.1,761,50,3,63.9032391437598,1,0,0.0717984344174738,0
75.2,762,50,3,63.9103610797997,1,0,0.0712193603991551,0
75.3,763,50,3,63.9174254492372,1,0,0.0706436943751498,0
75.4,764,50,3,63.9244325905546,1,0,0.0700714131731672,0
75.5,765,50,3,63.9313828399346,1,0,0.0695024938006839,0
75.6,766,50,3,63.9382765312798,1,0,0.0689369134518358,0
75.7,767,50,3,63.9451139962298,1,0,0.0683746494999582,0
75.8,768,50,3,63.9518955641795,1,0,0.0678156794971585,0
75.9,769,50,3,63.958621562297,1,0,0.0672599811749564,0
76,770,50,3,63.965292315541,1,0,0.0667075324401623,0
76.1,771,50,3,63.9719081466782,1,0,0.0661583113721065,0
76.2,772,50,3,63.9784693763009,1,0,0.0656122962265471,0
76.3,773,50,3,63.9849763228438,1,0,0.0650694654292039,0
76.4,774,50,3,63.9914293026013,1,0,0.0645297975747638,0
76.5,775,50,3,63.9978286297438,1,0,0.0639932714251046,0
76.6,776,50,3,64.0041746163351,1,0,0.0634598659132735,0
76.7,777,50,3,64.0104675723483,1,0,0.0629295601321189,0
76.8,778,50,3,64.0167078056826,1,0,0.0624023333429591,0
76.9,779,50,3,64.0228956221791,1,0,0.0618781649650657,0
77,780,50,3,64.0290313256373,1,0,0.0613570345815617,0
77.1,781,50,3,64.0351152178307,1,0,0.0608389219337369,0
77.2,782,50,3,64.0411475985228,1,0,0.0603238069210477,0
77.3,783,50,3,64.0471287654826,1,0,0.0598116695982753,0
77.4,784,50,3,64.0530590145004,1,0,0.0593024901776573,0
77.5,785,50,3,104.058938639403,0,0,400.058796249023,0
77.6,786,50,3,104.064767932068,0,0,0.0582929266505516,0
77.7,787,50,3,104.070547182441,0,0,0.0577925037298144,0
77.8,788,50,3,104.076276678548,0,0,0.0572949610760531,0
77.9,789,50,3,104.081956706514,0,0,0.0568002796558176,0
78,790,50,3,104.087587550572,0,0,0.0563084405823133,0
78.1,791,50,3,104.093169493083,0,0,0.0558194251122757,0
78.2,792,50,3,104.098702814548,0,0,0.0553332146495222,0
78.3,793,50,3,104.104187793622,0,0,0.0548497907394108,0
78.4,794,50,3,104.109624707129,0,0,0.0543691350682707,0
78.5,795,50,3,104.115013830076,0,0,0.0538912294646821,0
78.6,796,50,3,104.120355435665,0,0,0.0534160558966335,0
78.7,797,50,3,104.125649795312,0,0,0.0529435964681113,0
78.8,798,50,3,104.130897178654,0,0,0.0524738334213737,0
78.9,799,50,3,104.136097853568,0,0,0.0520067491355292,0
79,800,50,3,104.14125208618,0,0,0.0515423261204262,0
79.1,801,50,3,104.146360140882,0,0,0.051080547023048,0
79.2,802,50,3,104.151422280344,0,0,0.0506213946215439,0
79.3,803,50,3,104.156438765526,0,0,0.0501648518221032,0
79.4,804,50,3,104.161409855693,0,0,0.0497109016653496,0
79.5,805,50,3,104.166335808425,0,0,0.0492595273169627,0
79.6,806,50,3,104.171216879632,0,0,0.0488107120706616,0
79.7,807,50,3,104.176053323567,0,0,0.0483644393490579,0
79.8,808,50,3,104.180845392836,0,0,0.0479206926971187,0
79.9,809,50,3,104.185593338415,0,0,0.0474794557850089,0
80,810,50,3,104.190297409656,0,0,0.0470407124073802,0
80.1,811,50,3,104.194957854303,0,0,0.0466044464783977,0
80.2,812,50,3,104.199574918507,0,0,0.0461706420365715,0
80.3,813,50,3,104.204148846831,0,0,0.0457392832360881,0
80.4,814,50,3,104.208679882266,0,0,0.0453103543540578,0
80.5,815,50,3,104.213168266244,0,0,0.0448838397829832,0
80.6,816,50,3,104.217614238648,0,0,0.044459724033743,0
80.7,817,50,3,104.222018037821,0,0,0.0440379917330347,0
80.8,818,50,3,104.226379900583,0,0,0.0436186276202477,0
80.9,819,50,3,104.230700062238,0,0,0.0432016165508742,0
81,820,50,3,104.234978756588,0,0,0.0427869434935246,0
81.1,821,50,3,104.23921621594,0,0,0.0423745935269437,0
81.2,822,50,3,104.243412671124,0,0,0.041964551842284,0
81.3,823,50,3,104.247568351498,0,0,0.0415568037401215,0
81.4,824,50,3,104.251683484962,0,0,0.0411513346303138,0
81.5,825,50,3,104.255758297965,0,0,0.0407481300314316,0
81.6,826,50,3,104.259793015521,0,0,0.0403471755676321,0
81.7,827,50,3,104.263787861218,0,0,0.0399484569697961,0
81.8,828,50,3,104.267743057226,0,0,0.0395519600779437,0
81.9,829,50,3,104.271658824309,0,0,0.03915767083015,0
82,830,50,3,104.275535381837,0,0,0.0387655752733451,0
82.1,831,50,3,104.279372947792,0,0,0.0383756595539353,0
82.2,832,50,3,104.283171738784,0,0,0.0379879099236291,0
82.3,833,50,3,104.286931970057,0,0,0.0376023127316216,0
82.4,834,50,3,104.2906538555,0,0,0.0372188544284313,0
82.5,835,50,3,104.294337607657,0,0,0.0368375215654737,0
82.6,836,50,3,104.297983437736,0,0,0.036458300790656,0
82.7,837,50,3,104.301591555621,0,0,0.0360811788503668,0
82.8,838,50,3,104.30516216988,0,0,0.0357061425880545,0
82.9,839,50,3,104.308695487774,0,0,0.0353331789420963,0
83,840,50,3,104.312191715269,0,0,0.0349622749472189,0
83.1,841,50,3,104.315651057042,0,0,0.0345934177317986,0
83.2,842,50,3,104.319073716494,0,0,0.0342265945197084,0
83.3,843,50,3,104.322459895756,0,0,0.0338617926240659,0
83.4,844,50,3,104.325809795702,0,0,0.0334989994526325,0
83.5,845,50,3,104.329123615952,0,0,0.0331382025048299,0
83.6,846,50,3,104.332401554889,0,0,0.0327793893696082,0
83.7,847,50,3,104.335643809661,0,0,0.0324225477235984,0
83.8,848,50,3,104.338850576195,0,0,0.0320676653375074,0
83.9,849,50,3,104.342022049202,0,0,0.0317147300657439,0
84,850,50,3,104.345158422187,0,0,0.0313637298522451,0
84.1,851,50,3,104.34825988746,0,0,0.0310146527282029,0
84.2,852,50,3,104.351326636141,0,0,0.0306674868083689,0
84.3,853,50,3,104.35435885817,0,0,0.0303222202968811,0
84.4,854,50,3,104.357356742318,0,0,0.0299788414788793,0
84.5,855,50,3,104.360320476191,0,0,0.029637338725621,0
84.6,856,50,3,104.36325024624,0,0,0.0292977004909289,0
84.7,857,50,3,104.366146237771,0,0,0.0289599153111908,0
84.8,858,50,3,64.3690086349513,1,0,-399.971376028195,0
84.9,859,50,3,64.3718376208186,1,0,0.0282898586722524,0
85,860,50,3,64.3746333772877,1,0,0.0279575646916896,0
85.1,861,50,3,64.3773960851604,1,0,0.02762707872634,0
85.2,862,50,3,64.3801259241316,1,0,0.0272983897124845,0
85.3,863,50,3,64.3828230727988,1,0,0.0269714866715276,0
85.4,864,50,3,64.3854877086685,1,0,0.0266463586970644,0
85.5,865,50,3,64.3881200081647,1,0,0.0263229949625554,0
85.6,866,50,3,64.3907201466367,1,0,0.0260013847200469,0
85.7,867,50,3,64.3932882983661,1,0,0.0256815172939184,0
85.8,868,50,3,64.3958246365748,1,0,0.0253633820872778,0
85.9,869,50,3,64.3983293334323,1,0,0.025046968574145,0
86,870,50,3,64.4008025600631,1,0,0.0247322663081206,0
86.1,871,50,3,64.4032444865543,1,0,0.0244192649124386,0
86.2,872,50,3,64.4056552819628,1,0,0.0241079540845135,0
86.3,873,50,3,64.4080351143221,1,0,0.0237983235933825,0
86.4,874,50,3,64.4103841506504,1,0,0.0234903632832584,0
86.5,875,50,3,64.4127025569569,1,0,0.0231840630642921,0
86.6,876,50,3,64.4149904982491,1,0,0.0228794129222365,0
86.7,877,50,3,64.4172481385401,1,0,0.0225764029100617,0
86.8,878,50,3,64.4194756408553,1,0,0.0222750231517921,0
86.9,879,50,3,64.4216731672392,1,0,0.0219752638398063,0
87,880,50,3,64.4238408787627,1,0,0.0216771152344108,0
87.1,881,50,3,64.4259789355292,1,0,0.0213805676652612,0
87.2,882,50,3,64.4280874966821,1,0,0.0210856115285196,0
87.3,883,50,3,64.4301667204108,1,0,0.0207922372874236,0
87.4,884,50,3,64.4322167639578,1,0,0.020500435469728,0
87.5,885,50,3,64.4342377836251,1,0,0.0202101966732471,0
87.6,886,50,3,64.4362299347807,1,0,0.0199215115560492,0
87.7,887,50,3,64.4381933718652,1,0,0.019634370844841,0
87.8,888,50,3,64.440128248398,1,0,0.0193487653277202,0
87.9,889,50,3,64.4420347169837,1,0,0.019064685857586,0
88,890,50,3,64.443912929319,1,0,0.0187821233527075,0
88.1,891,50,3,64.4457630361979,1,0,0.0185010687887655,0
88.2,892,50,3,64.4475851875189,1,0,0.0182215132097951,0
88.3,893,50,3,64.4493795322905,1,0,0.0179434477161067,0
88.4,894,50,3,64.4511462186378,1,0,0.0176668634736643,0
88.5,895,50,3,64.4528853938084,1,0,0.01739175170556,0
88.6,896,50,3,64.4545972041782,1,0,0.0171181036978396,0
88.7,897,50,3,64.4562817952576,1,0,0.0168459107946717,0
88.8,898,50,3,104.457939311698,0,0,400.0165751644,0
88.9,899,50,3,104.459569897295,0,0,0.0163058559769524,0
89,900,50,3,104.461173695,0,0,0.0160379770458974,0
89.1,901,50,3,104.462750846919,0,0,0.015771519187382,0
89.2,902,50,3,104.464301494322,0,0,0.0155064740366129,0
89.3,903,50,3,104.465825777651,0,0,0.0152428332876298,0
89.4,904,50,3,104.46732383652,0,0,0.0149805886907473,0
89.5,905,50,3,104.468795809725,0,0,0.0147197320521286,0
89.6,906,50,3,104.470241835249,0,0,0.0144602552337858,0
89.7,907,50,3,104.471662050264,0,0,0.014202150151732,0
89.8,908,50,3,104.473056591142,0,0,0.0139454087802449,0
89.9,909,50,3,104.474425593456,0,0,0.0136900231427717,0
90,910,50,3,64.4757691919884,1,0,-399.986564014678,0
90.1,911,50,3,64.4770875207335,1,0,0.0131832874512838,0
90.2,912,50,3,64.4783807129052,1,0,0.0129319217163015,0
90.3,913,50,3,64.479648900941,1,0,0.0126818803586559,0
90.4,914,50,3,64.4808922165079,1,0,0.012433155668532,0
90.5,915,50,3,64.482110790507,1,0,0.0121857399913949,0
90.6,916,50,3,64.4833047530792,1,0,0.0119396257218796,0
90.7,917,50,3,64.4844742336098,1,0,0.0116948053056376,0
90.8,918,50,3,64.4856193607339,1,0,0.0114512712417536,0
90.9,919,50,3,64.4867402623416,1,0,0.0112090160766343,0
91,920,50,3,64.4878370655823,1,0,0.010968032407277,0
91.1,921,50,3,64.4889098968706,1,0,0.0107283128824065,0
91.2,922,50,3,104.48995888189,0,0,400.010489850197,0
91.3,923,50,3,104.4909841456,0,0,0.0102526370949363,0
91.4,924,50,3,104.491985812237,0,0,0.010016666371655,0
91.5,925,50,3,104.492964005324,0,0,0.00978193086709211,0
91.6,926,50,3,104.493918847671,0,0,0.00954842347198337,0
91.7,927,50,3,104.494850461383,0,0,0.00931613712111812,0
91.8,928,50,3,104.495758967863,0,0,0.00908506479774474,0
91.9,929,50,3,104.496644487816,0,0,0.00885519953357061,0
92,930,50,3,104.497507141256,0,0,0.0086265344029357,0
92.1,931,50,3,104.498347047509,0,0,0.00839906252878109,0
92.2,932,50,3,104.499164325217,0,0,0.0081727770782436,0
92.3,933,50,3,104.499959092344,0,0,0.00794767126535589,0
92.4,934,50,3,104.500731466178,0,0,0.00772373834578843,0
92.5,935,50,3,104.50148156334,0,0,0.00750097162239172,0
92.6,936,50,3,104.502209499785,0,0,0.00727936444235411,0
92.7,937,50,3,104.502915390804,0,0,0.00705891019535443,0
92.8,938,50,3,104.503599351036,0,0,0.00683960231484093,0
92.9,939,50,3,104.504261494463,0,0,0.00662143427689443,0
93,940,50,3,104.504901934424,0,0,0.00640439960179151,0
93.1,941,50,3,104.505520783609,0,0,0.00618849185258341,0
93.2,942,50,3,104.506118154072,0,0,0.00597370463310654,0
93.3,943,50,3,104.506694157231,0,0,0.00576003158812455,0
93.4,944,50,3,104.507248903872,0,0,0.00554746640773374,0
93.5,945,50,3,104.507782504154,0,0,0.00533600281983126,0
93.6,946,50,3,104.508295067613,0,0,0.00512563459466264,0
93.7,947,50,3,104.508786703167,0,0,0.00491635554283221,0
93.8,948,50,3,104.509257519119,0,0,0.00470815951558734,0
93.9,949,50,3,104.509707623159,0,0,0.0045010404036816,0
94,950,50,3,104.510137122373,0,0,0.00429499213908002,0
94.1,951,50,3,104.510546123242,0,0,0.00409000868984322,0
94.2,952,50,3,104.510934731649,0,0,0.003886084067517,0
94.3,953,50,3,104.511303052881,0,0,0.00368321231931645,0
94.4,954,50,3,104.511651191634,0,0,0.00348138753224703,0
94.5,955,50,3,104.511979252017,0,0,0.00328060383125717,0
94.6,956,50,3,104.512287337555,0,0,0.00308085537980674,0
94.7,957,50,3,104.512575551193,0,0,0.00288213637830381,0
94.8,958,50,3,104.5128439953,0,0,0.00268444106637844,0
94.9,959,50,3,104.513092771671,0,0,0.00248776371677195,0
95,960,50,3,104.513321981536,0,0,0.00229209864457403,0
95.1,961,50,3,104.513531725556,0,0,0.00209744019684877,0
95.2,962,50,3,104.513722103831,0,0,0.0019037827593138,0
95.3,963,50,3,104.513893215907,0,0,0.00171112075406654,0
95.4,964,50,3,104.514045160771,0,0,0.00151944863759468,0
95.5,965,50,3,104.514178036861,0,0,0.00132876090248146,0
95.6,966,50,3,104.514291942069,0,0,0.00113905207669518,0
95.7,967,50,3,104.514386973741,0,0,0.000950316724157574,0
95.8,968,50,3,104.514463228685,0,0,0.000762549440480598,0
95.9,969,50,3,104.514520803171,0,0,0.000575744860071836,0
96,970,50,3,104.514559792936,0,0,0.000389897649313298,0
96.1,971,50,3,104.514580293187,0,0,0.000205002506703522,0
96.2,972,50,3,104.514582398604,0,0,2.10541688261401e-05,0
96.3,973,50,3,104.514566203344,0,0,-0.000161952597466097,0
96.4,974,50,3,104.514531801045,0,0,-0.000344022990503845,0
96.5,975,50,3,104.514479284827,0,0,-0.000525162177922311,0
96.6,976,50,3,104.514408747298,0,0,-0.000705375290976917,0
96.7,977,50,3,104.514320280555,0,0,-0.000884667430653963,0
96.8,978,50,3,104.514213976188,0,0,-0.00106304366582322,0
96.9,979,50,3,104.514089925285,0,0,-0.00124050903195894,0
97,980,50,3,104.513948218432,0,0,-0.00141706853383994,0
97.1,981,50,3,104.513788945717,0,0,-0.00159272714427061,0
97.2,982,50,3,104.513612196737,0,0,-0.00176748980436514,0
97.3,983,50,3,104.513418060594,0,0,-0.0019413614234054,0
97.4,984,50,3,104.513206625906,0,0,-0.00211434688353052,0
97.5,985,50,3,104.512977980803,0,0,-0.00228645102936298,0
97.6,986,50,3,104.512732212935,0,0,-0.00245767868179314,0
97.7,987,50,3,104.512469409472,0,0,-0.00262803462732109,0
97.8,988,50,3,104.51218965711,0,0,-0.00279752362501995,0
97.9,989,50,3,104.51189304207,0,0,-0.00296615040070947,0
98,990,50,3,104.511579650104,0,0,-0.00313391965448773,0
98.1,991,50,3,104.511249566499,0,0,-0.00330083605419418,0
98.2,992,50,3,104.510902876075,0,0,-0.00346690424038343,0
98.3,993,50,3,104.510539663192,0,0,-0.00363212882305675,0
98.4,994,50,3,104.510160011754,0,0,-0.00379651438407791,0
98.5,995,50,3,104.509764005206,0,0,-0.00396006547688899,0
98.6,996,50,3,104.509351726544,0,0,-0.00412278662679455,0
98.7,997,50,3,104.508923258311,0,0,-0.00428468233096169,0
98.8,998,50,3,104.508478682605,0,0,-0.00444575705685679,0
98.9,999,50,3,104.50801808108,0,0,-0.00460601524693516,0
99,1000,50,3,64.5075415349488,1,0,-400.004765461314,0
99.1,1001,50,3,64.5070491249844,1,0,-0.00492409964365947,0
99.2,1002,50,3,64.5065409315247,1,0,-0.00508193459666018,0
99.3,1003,50,3,64.5060170344744,1,0,-0.00523897050342725,0
99.4,1004,50,3,64.5054775133075,1,0,-0.00539521166857071,0
99.5,1005,50,3,64.5049224470702,1,0,-0.00555066237325264,0
99.6,1006,50,3,64.5043519143836,1,0,-0.00570532686651859,0
99.7,1007,50,3,64.5037659934459,1,0,-0.00585920937680839,0
99.8,1008,50,3,64.5031647620357,1,0,-0.00601231410229275,0
99.9,1009,50,3,64.5025482975139,1,0,-0.00616464521755233,0
